Title,Singer,Genre,Release,Lyric,Year,Month,Year_Month
바라만 본다,MSG워너비(M.O.M),발라드,2021.06.26,내가 너라면 다 알아볼 텐데 널 위할 사람 찾아낼 텐데 지난 오랜 시간 너의 그 곁을 지켜온 나라는 걸 내가 너였다면 참 행복할 텐데 한 사람을 다 가졌으니까 둔한 바보도 눈치챌 그 사랑을 너만 왜 모르니 너를 바라만 바라만 본다 외쳐 네 이름만 부른다 보고 싶은 맘에 너를 향한 그 발걸음 네 곁을 맴도는데 오늘도 그리고 그리워하다 애써 참았던 눈물이 흘러 그저 멀리서만 바라보다 또 소리쳐 네가 보고 싶다 네가 나라면 더 참 아팠을 텐데 슬픈 역할은 내가 맡을게 웃는 모습만 보이며 살아가 줘 내가 볼 수 있게 너를 바라만 바라만 본다 외쳐 네 이름만 부른다 보고 싶은 맘에 너를 향한 그 발걸음 네 곁을 맴도는데 오늘도 그리고 그리워하다 애써 참았던 눈물이 흘러 그저 멀리서만 바라보다 또 소리쳐 네가 보고 싶다 한 걸음 더 다가갈까 더 가까이 네게 갈까 OH 어제보다 더 내일 더 널 사랑해 I’ll make you love me someday 혼자 바라고 바라만 보다 울컥 그리움이 솟는다 바보 같은 맘에 하지 못한 그 한마디 널 사랑한다는 말 얼마나 그리고 그리워해야 내 맘 너의 곁에 닿게 될까 매일 하루 종일 너의 생각에 사무쳐 너무 보고 싶다,2021,6,202106
Next Level,aespa,댄스,2021.05.17,I’m on the Next Level Yeah 절대적 룰을 지켜 내 손을 놓지 말아 결속은 나의 무기 광야로 걸어가 알아 네 Home ground 위협에 맞서서 제껴라 제껴라 제껴라  상상도 못한 Black out 유혹은 깊고 진해 (Too hot too hot) 맞잡은 손을 놓쳐 난 절대 포기 못해  I’m on the Next Level 저 너머의 문을 열어 Next Level 널 결국엔 내가 부셔 Next Level KOSMO에 닿을 때까지 Next Level 제껴라 제껴라 제껴라  La la la la la la La la la la la la La la la la la la La la la la la  I see the NU EVO. 적대적인 고난과 슬픔은 널 더 Popping 진화시켜 That’s my naevis It’s my naevis You lead we follow 감정들을 배운 다음 Watch me while I make it out  Watch me while I work it out Watch me while I make it out Watch me while I work it out Work it work it work it out  감당할 수 없는 절망도 내 믿음을 깨지 못해 더 아픈 시련을 맞아도 난 잡은 손을 놓지 않을게 Oh  절대로 뒤를 돌아보지 말아 광야의 것 탐내지 말아 약속이 깨지면 모두 걷잡을 수 없게 돼 언제부턴가 불안해져 가는 신호 널 파괴하고 말 거야 (We want it) Come on! Show me the way to KOSMO Yeah  Black Mamba가 만들어낸 환각 퀘스트 aespa ae를 분리시켜놓길 원해 그래 중심을 잃고 목소리도 잃고 비난받고 사람들과 멀어지는 착각 속에 naevis 우리 ae ae들을 불러봐 aespa의 Next Level “P.O.S”를 열어봐 이건 REAL WORLD 깨어났어 We against the villain What’s the name? Black Mamba  결국 난 문을 열어 그 빛은 네겐 Fire (Too hot too hot) 난 궁금해 미치겠어 이다음에 펼칠 Story Huh!  I’m on the Next Level 저 너머의 문을 열어 Next Level 널 결국엔 내가 부셔 Next Level KOSMO에 닿을 때까지 Next Level 제껴라 제껴라 제껴라  I’m on the Next Level 더 강해져 자유롭게 Next Level 난 광야의 내가 아냐 Next Level 야수 같은 나를 느껴 Next Level 제껴라 제껴라 제껴라 Huh!,2021,5,202105
Butter,방탄소년단,댄스,2021.05.21,Smooth like butter Like a criminal undercover Gon’ pop like trouble Breakin’ into your heart like that  Cool shade stunner Yeah I owe it all to my mother Hot like summer Yeah I’m makin’ you sweat like that  Break it down  Oh when I look in the mirror I’ll melt your heart into 2 I got that superstar glow so Do the boogie like  Side step right left to my beat (heartbeat) High like the moon rock with me baby Know that I got that heat Let me show you ‘cause talk is cheap Side step right left to my beat (heartbeat) Get it let it roll  Smooth like butter Pull you in like no other Don’t need no Usher To remind me you got it bad  Ain’t no other That can sweep you up like a robber Straight up I got ya Makin’ you fall like that  Break it down  Oh when I look in the mirror I’ll melt your heart into 2 I got that superstar glow so Do the boogie like  Side step right left to my beat (heartbeat) High like the moon rock with me baby Know that I got that heat Let me show you ‘cause talk is cheap Side step right left to my beat (heartbeat) Get it let it roll  Get it let it roll Get it let it roll  No ice on my wrist I'm that n-ice guy Got that right body and that right mind Rollin' up to party got the right vibe Smooth like butter Hate us love us  Fresh boy pull up and we lay low All the playas get movin’ when the bass low Got ARMY right behind us when we say so Let's go  Side step right left to my beat (heartbeat) High like the moon rock with me baby Know that I got that heat Let me show you ‘cause talk is cheap Side step right left to my beat (heartbeat) Get it let it roll  Smooth like (butter) Cool shade (stunner) And you know we don't stop  Hot like (summer) Ain’t no (bummer) You be like oh my god  We gon’ make you rock and you say (yeah) We gon’ make you bounce and you say (yeah)  Hotter? Sweeter! Cooler? Butter!  Get it let it roll,2021,5,202105
신호등,이무진,록메탈,2021.05.14,이제야 목적지를 정했지만 가려한 날 막아서네 난 갈 길이 먼데 새빨간 얼굴로 화를 냈던 친구가 생각나네 이미 난 발걸음을 떼었지만 가려한 날 재촉하네 걷기도 힘든데 새파랗게 겁에 질려 도망간 친구가 뇌에 맴도네 건반처럼 생긴 도로 위 수많은 동그라미들 모두가 멈췄다 굴렀다 말은 잘 들어 그건 나도 문제가 아냐 붉은색 푸른색 그 사이 3초 그 짧은 시간 노란색 빛을 내는 저기 저 신호등이 내 머릿속을 텅 비워버려 내가 빠른지도 느린지도 모르겠어 그저 눈앞이 샛노랄 뿐이야 솔직히 말하자면 차라리 운전대를 못 잡던 어릴 때가 더 좋았었던 것 같아 그땐 함께 온 세상을 거닐 친구가 있었으니 건반처럼 생긴 도로 위 수많은 조명들이 날 빠르게 번갈아 가며 비추고 있지만 난 아직 초짜란 말이야 붉은색 푸른색 그 사이 3초 그 짧은 시간 노란색 빛을 내는 저기 저 신호등이 내 머릿속을 텅 비워버려 내가 빠른지도 느린지도 모르겠어 그저 눈앞이 샛노랄 뿐이야 꼬질꼬질한 사람이나 부자 곁엔 아무도 없는 삼색 조명과 이색 칠 위에 서 있어 괴롭히지 마 붉은색 푸른색 그 사이 3초 그 짧은 시간 노란색 빛을 내는 저기 저 신호등이 내 머릿속을 텅 비워버려 내가 빠른지도 느린지도 모르겠어 그저 눈앞이 샛노랄 뿐이야,2021,5,202105
헤픈 우연,헤이즈 (Heize),R&BSoul,2021.05.20,처음이라기엔 너무 길을 이미 다 아는 듯이 우연히라기엔 모두 다 정해진 듯이  우연히 눈을 떠 보니 이 세상에 태어나 있었고 하필 네가 있는 곳이었다 서서히 몸에 배어버린 사소한 습관들이 네게로 가는 길을 내게 알려줘  처음이라기엔 너무 길을 이미 다 아는 듯이 우연히라기엔 모두 다 정해진 듯이  고통의 사랑도 보통의 이별도 You can make it happen You can make it heaven 우연히라기엔 모두 다 정해진 듯이  만약 내가 그때 그곳을 헤매지 않았더라면 그날 네가 마음 아픈 이별을 안 했었더라면 네 뒤를 따라 걷던 곳 네가 떨어트렸던 꽃 위태롭던 시간 속 서로를 기다려왔어 운명이라고 하기엔 이를 수 있다 생각해 우연히라고 하기엔 설명이 필요한 것 같아 어쩌면 또 스칠 수 있을지 몰라도 지금이 아니면 안 될 것 같던 그 때로  처음이라기엔 너무 길을 이미 다 아는 듯이 우연히라기엔 모두 다 정해진 듯이  고통의 사랑도 보통의 이별도 You can make it happen You can make it heaven 우연히라기엔 모두 다 정해진 듯이  어쩌면 기억을 지운 채로 하나였던 우린 둘이 되고 운명이란 작은 점 안에서 서로를 찾으며 살았는지도  고통의 사랑도 보통의 이별도 You can make it happen You can make it heaven 우연히라기엔 모두 다 정해진 듯이  우연히 서서히 점점 더 멀어져가 우연히 천천히 처음 그곳으로 가,2021,5,202105
치맛바람 (Chi Mat Ba Ram),브레이브걸스,댄스,2021.06.17,"You know what it is B. girls are back Brave Sound We're gonna be ""Summer Queens"" You ready? We are ""BRAVE GIRLS""  Oh Oh Oh Oh Oh Oh Oh Oh Oh Oh Oh Oh Oh Oh Oh Oh Oh Oh Oh Oh Oh Oh Oh Oh  Just wanna give ur love 날 보는 눈빛에 분명 적혀있어 내게 Rollin' in the deep (Rollin' Rollin')  I don't want ""지루함"" or ""따분함"" Oh get away 난 더 특별함을 원해 너에게  푸른 바람 불어와 두 볼을 스칠 때 (Hey) 또 괜히 나 왜 두근거려 왜 (왜)  Call me ""Desperado"" 뭐래도 몰라도 돼 오늘만은 내 멋대로 Go far away  치맛바람이 불어와 (불어와) 내게도 사랑이 찾아와 Yeah 뜨거운 햇살이 비춰와 (비춰와) 아름다운 여름밤이라구요  살랑 살랑 살랑 불어 기분 좋은 날에 바람 바람 바람 이 시원한 바람 찰랑 찰랑 찰랑 이 푸른 바닷가에 바람 바람 바람 치 맛 바 람  눈치 따위는 안 보여 Babe (널 향한 내 맘에)  내숭 따위는 Get nah Joy Babe (This is my way)  Your eyes on my body 눈 떼지 못해 넌  부디 오늘 밤은 I don't let you go Ooh baby I mean You know  푸른 바람 불어와 두 볼을 스칠 때 (Hey) 또 괜히 나 왜 두근거려 왜 (왜)  Call me ""Desperado"" 뭐래도 몰라도 돼 오늘만은 내 멋대로 Go far away  치맛바람이 불어와 (불어와) 내게도 사랑이 찾아와 Yeah 뜨거운 햇살이 비춰와 (비춰와) 아름다운 여름밤이라구요  살랑 살랑 살랑 불어 기분 좋은 날에 바람 바람 바람 이 시원한 바람 찰랑 찰랑 찰랑 이 푸른 바닷가에 바람 바람 바람 치 맛 바 람  너와 함께 있고 이 밤은 빛나는데 Now I'm Fearless 난 없어 무서울게  I know 너도 내 맘과 같은 걸 We're just falling in love  Let's Go!  Oh Oh Oh Oh Oh Oh (Oh Babe) Oh Oh Oh Oh Oh Oh Oh (시원한 이 바람) Oh Oh Oh Oh Oh Oh (Oh Babe Babe) 치 맛 바 람",2021,6,202106
나를 아는 사람,MSG워너비(정상동기),발라드,2021.06.26,나 지금 할 말이 있어서 그댈 기다리다 멍하니 서성이죠 뭘 모르는 그런 나이는 이미 오래전에 지나버렸어도 자꾸 떨리는 건 설명할 수 없어요 긴 하루 끝에 지친 어깨를 안아주는 그대의 목소리라는 걸 알까요 혹시 그대 맘도 나와 같을까요 나를 아는 사람 중에 그렇게 웃어주는 사람이 있을까요 그대뿐이죠 그대는 어떤가요 내가 아는 사람 중에 그렇게 사랑스런 사람이 있을까요 그대뿐이죠 사랑을 시작해요 이렇게 다 지나버린 내 어린 시절 그때처럼 두근거리는 소리가 들리나요 혹시 그대 맘도 나와 같을까요 나를 아는 사람 중에 그렇게 웃어주는 사람이 있을까요 그대뿐이죠 그대는 어떤가요 내가 아는 사람 중에 그렇게 사랑스런 사람이 있을까요 그대뿐이죠 사랑을 시작해요 난 세상에서 어느샌가 어른이 되고 더 남은 위로가 내겐 없었죠 남은 위로가 내겐 없었죠 나를 바라보는 그대가 없다면 나만 아는 그대의 눈 그렇게 아름다운 미소가 있을까요 당신뿐이죠 그대는 어떤가요 나를 아는 사람 중에 그렇게 말해주는 사람이 있을까요 그대뿐이죠 사랑을 시작해요 영원히,2021,6,202106
Dun Dun Dance,오마이걸 (OH MY GIRL),댄스,2021.05.10,Dun Dun Dance Dun Dun Dance Dun Dun Dance Just dance Just dance Dun Dun Dance Dun Dun Dance Dun Dun Dance Just dance Just dance 유성이 비처럼 쏟아지는 하늘 그 아래 너와 함께 춤추고 싶어 색색의 옷들과 예쁜 액세서리 oh baby 흐르는 저 음악이 내 맘을 설레게 하지 I feel the disco rhythm in my body 다른 아무것도 생각하진 마 yeah 발자국으로 가득한 무대 위에 올라 자유로운 몸짓 그 사랑스런 느낌 저 따분했던 하루와 일상에서 벗어나 oh tonight Just you and I 지구를 등지고 떠올라 맘껏 crazy crazy crazy 긴 춤을 춰 말리지 마 지금 내 기분은 feel so high 멀리 멀리 멀리 다 눈부셔 I just wanna Dun Dun Dance Dun Dun Dance Dun Dun Dance Oh baby give me baby give me baby give me more 날 멈추지 마 love this song Just wanna Dun Dun Dance Dun Dun Dance Dun Dun Dance Just dance Just dance Shining like a disco ball 빨간 high heels on the road Got my eyes on you and you got yours 저 태양이 다시 눈뜰 때까지 넌 평범한데 뭔가 달라 왠지 묘한 구석이 있네 난 가려져 있는 게 보여 우린 모두 이상해 조금씩은 yeah 사람을 가장한 낯선 존재들처럼 oh baby yeah 놀라지 않아 괜찮아 좀 더 가까이 와 다른 시선 따위 다 잊어버려 우리 늘 복잡한 저세상과 기대에서 벗어나 oh tonight Just you and I 지구를 등지고 떠올라 맘껏 crazy crazy crazy 긴 춤을 춰 말리지 마 지금 내 기분은 feel so high 멀리 멀리 멀리 다 눈부셔 I just wanna Dun Dun Dance Dun Dun Dance Dun Dun Dance Oh baby give me baby give me baby give me more 날 멈추지 마 love this song Just wanna Dun Dun Dance Dun Dun Dance Dun Dun Dance Just dance Just dance 어차피 작은 점일 뿐야 보석 같은 아이야 몇 발짝 멀리 떨어져서 바라보면 돼 우린 dancing on fire Just you and I 지구를 등지고 떠올라 맘껏 crazy crazy crazy 긴 춤을 춰 말리지 마 지금 내 기분은 feel so high 멀리 멀리 멀리 다 눈부셔 I just wanna Dun Dun Dance Dun Dun Dance Dun Dun Dance Oh baby give me baby give me baby give me more 날 멈추지 마 love this song Just wanna Dun Dun Dance Dun Dun Dance Dun Dun Dance Just dance Just dance,2021,5,202105
Peaches (Feat. Daniel Caesar & Giveon),Justin Bieber,POP,2021.03.19,I got my peaches out in Georgia Oh yeah shit I get my weed from California That's that shit I took my chick up to the North yeah Badass bitch I get my light right from the source yeah Yeah that's it And I see you Oh the way I breathe you in In It's the texture of your skin I wanna wrap my arms around you baby Never let you go oh And I say oh there's nothing like your touch It's the way you lift me up yeah And I'll be right here with you 'til the end I got my peaches out in Georgia Oh yeah shit I get my weed from California That's that shit I took my chick up to the North yeah Badass bitch I get my light right from the source yeah Yeah that's it You ain't sure yet but I'm for ya' All I could want all I can wish for Nights alone that we miss more And days we save as souvenirs There's no time I wanna make more time And give you my whole life I left my girl I'm in Mallorca Hate to leave her call it torture Remember when I couldn't hold her Left the baggage for a mover I got my peaches out in Georgia Oh yeah shit I get my weed from California That's that shit I took my chick up to the North yeah Badass bitch I get my light right from the source yeah Yeah that's it I get the feeling so I'm sure Sure Hand in my hand because I'm yours I can't I can't pretend I can't ignore you're right for me Don't think you wanna know just where I've been oh Don't be distracted The one I need is right in my arms Oh Your kisses taste the sweetest with mine And I'll be right here with you 'til end of time I got my peaches out in Georgia Oh yeah shit I get my weed from California That's that shit I took my chick up to the North yeah Badass bitch I get my light right from the source yeah Yeah that's it I got my peaches out in Georgia Oh yeah shit I get my weed from California That's that shit I took my chick up to the North yeah Badass bitch I get my light right from the source yeah Yeah that's it I got my peaches out in Georgia Oh yeah shit I get my weed from California That's that shit I took my chick up to the North yeah Badass bitch I get my light right from the source yeah Yeah that's it I got my peaches out in Georgia Oh yeah shit I get my weed from California That's that shit I took my chick up to the North yeah Badass bitch I get my light right from the source yeah Yeah that's it,2021,3,202103
롤린 (Rollin'),브레이브걸스,댄스,2017.03.07,그 날을 잊지 못해 babe 날 보며 환히 웃던 너의 미소에 홀린 듯 I'm fall in love But 너무 쪽팔림에 난 그저 한마디 말도 못해 babe I wanna you 너의 눈빛은 날 자꾸 네 곁을 맴돌게 해 Just only you 굳게 닫힌 내 맘이 어느새 무너져버려 Because of you 온통 너의 생각뿐이야 나도 미치겠어 너무 보고 싶어 매일 매일 매일 자꾸 초라해지잖아 내 모습이 그대여 내게 말해줘 사랑한다고 Rollin' Rollin' Rollin' Rollin' Rollin' Rollin' Rollin' Rollin' Rollin' Rollin' Rollin' Rollin' 하루가 멀다 하고 Rolling in the deep Rollin' Rollin' Rollin' Rollin' Rollin' Rollin' Rollin' Rollin' 기다리고 있잖아 Babe Just only you 기다리고 있잖아 Babe Just only you Hey I just wanna be with you 오늘 밤이 가기 전에 I can't feel you 조금 더 다가와 줘 Tonight I'm ready for you You wanna touch me I know 대체 뭘 고민해 빨리 안아 아닌 척 모르는 척 하다가 늦게 놓치고 후회 말아 I wanna you 너의 눈빛은 날 자꾸 네 곁을 맴돌게 해 Just only you 굳게 닫힌 내 맘이 어느새 무너져버려 Because of you 온통 너의 생각뿐이야 나도 미치겠어 너무 보고 싶어 매일 매일 매일 자꾸 초라해지잖아 내 모습이 그대여 내게 말해줘 사랑한다고 Rollin' Rollin' Rollin' Rollin' Rollin' Rollin' Rollin' Rollin' Rollin' Rollin' Rollin' Rollin' 하루가 멀다 하고 Rolling in the deep Rollin' Rollin' Rollin' Rollin' Rollin' Rollin' Rollin' Rollin' 기다리고 있잖아 Babe Just only you 이제 와 숨기려 하지 마요 그대여 아닌 척하지 마요 온종일 난 그대 생각에 잠긴 채로 난 이대로 기다리고 있어요 Rollin' Rollin' Rollin' Rollin' Rollin' Rollin' Rollin' Rollin' Rollin' Rollin' Rollin' Rollin' 하루가 멀다 하고 Rolling in the deep Rollin' Rollin' Rollin' Rollin' Rollin' Rollin' Rollin' Rollin' 기다리고 있잖아 Babe Just only you 기다리고 있잖아 Babe Just only you,2017,3,201703
Weekend,태연 (TAEYEON),댄스,2021.07.06,가장 가까운 바다 혼자만의 영화관 그냥 이끌리는 대로 해도 괜찮으니까 Every morning 울린 Beep beep beep beep 소리 귀에 윙윙윙 맴도는 나를 재촉하던 모닝콜 없이 일어나 Cheese cake 한 입 유리컵 한가득 내린 커피 한 잔 아이스로 할래 아주 여유롭게 문득 시곌 보니 벌써 시간은 열두시 그래도 아주 느긋해 그리곤 하품 한 번 한껏 기지개도 켜고 생각해 오늘 뭐 할까 창문 너머 계절에 시선이 닿은 그 순간 쏟아지는 햇살 내 맘을 두드려 내게 손짓하는 싱그러운 바람 타고서 떠나볼래 When the weekend comes I can do whatever I want 바람 따라 흩어진 cloud 더 자유롭게 we can go 가장 가까운 바다 혼자만의 영화관 그냥 이끌리는 대로 해도 괜찮으니까 훌쩍 떠나보는 drive 뚜벅 걸어도 좋아 뭐든 발길 닿는 대로 지금 떠나보려 해 oh 하루쯤 세상의 얘길 무시한 채 내가 나의 하루를 조립해 보려 해 더는 no no stress 고민 안 할래 Move it right left right 내 맘대로 가본 적도 없는 길 뭐가 있든지 I don’t need a map when I roll the streets 이어 가보는 이윤 for a little fun 계속 up up up 좀 더 올라가 한쪽 길모퉁이 따라 맘대로 자라난 조그만 이름 모를 꽃 한참을 바라보다 뜨거운 햇살을 피해 벤치에 잠깐 앉아 봐 느려지는 걸음 그림자의 속도를 따라 함께 걷는 태양과 발을 맞추고 뒤이을 달빛을 따라 돌아오고 싶은 걸 떠나볼래 When the weekend comes I can do whatever I want 바람 따라 흩어진 cloud 더 자유롭게 we can go 아무 계획이 없어서 완벽한 plan 우연히 찾아낸 secret place 그곳에 두고 와 나만의 작은 짐 골목길 끝을 돌아 만나게 될 기분 좋은 surprise 또 설렘 두근두근 온종일 고소한 향기의 coffee shop 눈에 들어오는 예쁜 옷 Do it for the weekend do it for the weekend 맘에 들어오는 걸 더는 망설이긴 싫은 걸 그래도 돼 When the weekend comes I can do whatever I want 바람 따라 흩어진 cloud 더 자유롭게 we can go 가장 가까운 바다 혼자만의 영화관 그냥 이끌리는 대로 해도 괜찮으니까 훌쩍 떠나보는 drive 뚜벅 걸어도 좋아 뭐든 발길 닿는 대로 지금 떠나보려 해 oh,2021,7,202107
Permission to Dance,방탄소년단,댄스,2021.07.09,It’s the thought of being young When your heart’s just like a drum Beating louder with no way to guard it When it all seems like it’s wrong Just sing along to Elton John And to that feeling we’re just getting started  When the nights get colder And the rhythms got you falling behind Just dream about that moment When you look yourself right in the eye eye eye Then you say  I wanna dance The music’s got me going Ain’t nothing that can stop how we move yeah Let’s break our plans And live just like we’re golden And roll in like we’re dancing fools  We don’t need to worry ‘Cause when we fall we know how to land Don’t need to talk the talk just walk the walk tonight ‘Cause we don’t need permission to dance  There’s always something that’s standing in the way But if you don’t let it faze ya You’ll know just how to break Just keep the right vibe yeah ‘Cause there’s no looking back There ain’t no one to prove We don’t got this on lock yeah  The wait is over The time is now so let’s do it right Yeah we’ll keep going And stay up until we see the sunrise And we’ll say  I wanna dance The music’s got me going Ain’t nothing that can stop how we move yeah Let’s break our plans And live just like we’re golden And roll in like we’re dancing fools  We don’t need to worry ‘Cause when we fall we know how to land Don’t need to talk the talk just walk the walk tonight ‘Cause we don’t need permission to dance  Da na na na na na na Da na na na na na na Da na na na na na na No we don’t need permission to dance  Da na na na na na na Da na na na na na na Da na na na na na na  Well let me show ya That we can keep the fire alive ‘Cause it’s not over Till it’s over say it one more time Say  I wanna dance The music’s got me going Ain’t nothing that can stop how we move yeah Let’s break our plans And live just like we’re golden And roll in like we’re dancing fools  We don’t need to worry ‘Cause when we fall we know how to land Don’t need to talk the talk just walk the walk tonight ‘Cause we don’t need permission to dance,2021,7,202107
Alcohol-Free,TWICE (트와이스),댄스,2021.06.09,너와 있을 땐 내게 신기한 변화가 있는데 자꾸 미소 짓게 돼 아무 일도 없는데  자꾸 마법에 걸려 밤을 새워도 안 졸려 다른 생각 지워져 심장 소리는 커져 사랑이 참 쉬워져 그래서 빠지고 빠져 점점 너에게 That's what you do to me  나는 Alcohol free 근데 취해 마신 게 하나도 없는데 너와 있을 때마다 이래 날 보는 네 눈빛 때문에  너는 눈으로 마시는 내 Champagne 내 Wine 내 Tequila margarita Mojito with lime Sweet mimosa pina colada  I'm drunk in you I'm drunk in you  너는 정말 특별해 전혀 독하지 않은데 낮에 별이 뜨게 해 한 모금 마셨는데  자꾸 마법에 걸려 밤을 새워도 안 졸려 다른 생각 지워져 심장 소리는 커져 사랑이 참 쉬워져 그래서 빠지고 빠져 점점 너에게 That's what you do to me  나는 Alcohol free 근데 취해 마신 게 하나도 없는데 너와 있을 때마다 이래 날 보는 네 눈빛 때문에  Alcohol 도수는 완전 0.0% 근데 마실 때마다 자꾸 길을 잃어 자고 일어나도 깨지가 않아 근데 이 기분 싫지가 않아  Easy to the mouth and tummy Like a drink made of honey 이 술 이름은 도대체 뭐니 Makes the whole world bright and sunny  나는 Alcohol free 근데 취해 마신 게 하나도 없는데 너와 있을 때마다 이래 날 보는 네 눈빛 때문에  너는 눈으로 마시는 내 Champagne 내 Wine 내 Tequila margarita Mojito with lime Sweet mimosa pina colada  I'm drunk in you I'm drunk in you,2021,6,202106
Dynamite,방탄소년단,댄스,2020.08.24,Cos ah ah I’m in the stars tonight So watch me bring the fire and set the night alight Shoes on get up in the morn Cup of milk let’s rock and roll King Kong kick the drum rolling on like a rolling stone Sing song when I’m walking home Jump up to the top LeBron Ding dong call me on my phone Ice tea and a game of ping pong This is getting heavy Can you hear the bass boom I’m ready Life is sweet as honey Yeah this beat cha ching like money Disco overload I’m into that I’m good to go I'm diamond you know I glow up Hey so let’s go Cos ah ah I’m in the stars tonight So watch me bring the fire and set the night alight Shining through the city with a little funk and soul So I’mma light it up like dynamite woah Bring a friend join the crowd Whoever wanna come along Word up talk the talk just move like we off the wall Day or night the sky’s alight So we dance to the break of dawn Ladies and gentlemen I got the medicine so you should keep ya eyes on the ball huh This is getting heavy Can you hear the bass boom I’m ready Life is sweet as honey Yeah this beat cha ching like money Disco overload I’m into that I’m good to go I'm diamond you know I glow up Let’s go Cos ah ah I’m in the stars tonight So watch me bring the fire and set the night alight Shining through the city with a little funk and soul So I’mma light it up like dynamite woah Dynnnnnanana life is dynamite Dynnnnnanana life is dynamite Shining through the city with a little funk and soul So I’mma light it up like dynamite woah Dynnnnnanana eh Dynnnnnanana eh Dynnnnnanana eh Light it up like dynamite Dynnnnnanana eh Dynnnnnanana eh Dynnnnnanana eh Light it up like dynamite Cos ah ah I’m in the stars tonight So watch me bring the fire and set the night alight Shining through the city with a little funk and soul So I’mma light it up like dynamite Cos ah ah I’m in the stars tonight So watch me bring the fire and set the night alight Shining through the city with a little funk and soul So I’mma light it up like dynamite woah Dynnnnnanana life is dynamite Dynnnnnanana life is dynamite Shining through the city with a little funk and soul So I’mma light it up like dynamite woah,2020,8,202008
라일락,아이유,댄스,2021.03.25,나리는 꽃가루에 눈이 따끔해 (아야) 눈물이 고여도 꾹 참을래 내 마음 한켠 비밀스런 오르골에 넣어두고서 영원히 되감을 순간이니까  우리 둘의 마지막 페이지를 잘 부탁해 어느 작별이 이보다 완벽할까 Love me only till this spring  오 라일락 꽃이 지는 날 good bye 이런 결말이 어울려 안녕 꽃잎 같은 안녕 하이얀 우리 봄날의 climax 아 얼마나 기쁜 일이야  Ooh ooh Love me only till this spring 봄바람처럼 Ooh ooh Love me only till this spring 봄바람처럼  기분이 달아 콧노래 부르네 (랄라) 입꼬리는 살짝 올린 채 어쩜 이렇게 하늘은 더 바람은 또 완벽한 건지 오늘따라 내 모습 맘에 들어  처음 만난 그날처럼 예쁘다고 말해줄래 어느 이별이 이토록 달콤할까 Love resembles misty dream  오 라일락 꽃이 지는 날 good bye 이런 결말이 어울려 안녕 꽃잎 같은 안녕 하이얀 우리 봄날의 climax 아 얼마나 기쁜 일이야  Ooh ooh Love resembles misty dream 뜬구름처럼 Ooh ooh Love resembles misty dream 뜬구름처럼  너도 언젠가 날 잊게 될까 지금 표정과 오늘의 향기도 단잠 사이에 스쳐간 봄날의 꿈처럼  오 라일락 꽃이 지는 날 good bye 너의 대답이 날 울려 안녕 약속 같은 안녕 하이얀 우리 봄날에 climax 아 얼마나 기쁜 일이야  Ooh ooh Love me only untill this spring 봄바람처럼 Ooh ooh Love me only untill this spring 봄바람처럼  Ooh ooh Love resembles misty dream 뜬구름처럼 Ooh ooh Love resembles misty dream 뜬구름처럼,2021,3,202103
ASAP,STAYC(스테이씨),댄스,2021.04.08,STAYC girls it’s going down Time is running boy 그건 누구에겐 돈 You know I’m so dope 더는 못 기다려 줘 원래 나는 좀 참을성이 없는 몸 솔직한 게 좋은 걸 But you gotta know yeah e yeah 달콤하기만 해도 싫어 So check it 매너 좋은 거 착한 거는 나도 구분해 e yeah 순간 반짝할 거면 시작도 않는 걸 Sometimes 내가 생각해도 I think I’m really cool ASAP 내 반쪽 아니 완전 Copy 나와 똑같아 내 맘 잘 알아줄 ASAP 꼭 닮은 내 Decalcomanie 눈앞에 나타나 줘 ASAP whoo woo woo woo ASAP whoo woo woo woo 눈앞에 눈앞에 나타나 줘 No I’m not picky 가끔 까탈스럽대 It’s ok but I care 콧대 높대 아닌데 Get it 이해하게 될 걸 너만 나타나면 So baby hurry up I’m just waiting on 달콤하기만 해도 싫어 So check it 겉만 그런지 진심인지 나도 구분해 e yeah 금방 타오른다면 쉽게 꺼지는 걸 Sometimes 내가 생각해도 I think I’m really cool ASAP 내 반쪽 아니 완전 Copy 나와 똑같아 내 맘 잘 알아줄 ASAP 꼭 닮은 내 Decalcomanie 눈앞에 나타나 줘 ASAP whoo woo woo woo ASAP whoo woo woo woo 눈앞에 눈앞에 나타나 줘 실제론 어떤 느낌인 걸까 A beautiful a beautiful love 한 번도 느껴본 적 없는 걸 So where you at 기다리고 있는데 ASAP ASAP 내 반쪽 아니 완전 Copy 나와 똑같아 내 맘 잘 알아줄 ASAP 꼭 닮은 내 Decalcomanie 눈앞에 나타나 줘 ASAP Whoo woo woo woo ASAP Whoo woo woo woo 눈앞에 눈앞에 나타나 줘,2021,4,202104
비와 당신,이무진,록메탈 국내드라마,2021.06.18,이젠 당신이 그립지 않죠 보고 싶은 마음도 없죠 사랑한 것도 잊혀 가네요 조용하게 알 수 없는 건 그런 내 맘이 비가 오면 눈물이 나요 아주 오래 전 당신 떠나던 그날처럼 이젠 괜찮은데 사랑 따윈 저버렸는데 바보 같은 난 눈물이 날까 아련해지는 빛 바랜 추억 그 얼마나 사무친 건지 미운 당신을 아직도 나는 그리워하네 이젠 괜찮은데 사랑 따윈 저버렸는데 바보 같은 난 눈물이 날까 다신 안 올 텐데 잊지 못한 내가 싫은데 언제까지나 맘은 아플까,2021,6,202106
안녕 (Hello),조이 (JOY),록메탈,2021.05.31,외로운 날들이여 모두 다 안녕 내 마음속의 눈물들도 이제는 안녕 Oh 어제의 너는 바람을 타고 멀리 후회도 없이 미련 없이 날아가 Goodbye oh oh oh 영원히 Oh oh oh 거울에 비친 너의 모습이 슬퍼 늘 웃음 짓던 예전의 넌 어디에 있니 저 파란 하늘 눈부신 별들도 모두 다 너를 위해 있잖니 더 이상 네 안에 그 일은 없던 일 그래서 아픈 기억 모두 버려야할 일 눈물짓지 마 새로운 오늘을 맞이할 준비를 해봐 Ooh ooh 외로운 날들이여 모두 다 안녕 내 마음속의 눈물들도 이제는 안녕 Oh 어제의 너는 바람을 타고 멀리 후회도 없이 미련 없이 날아가 Goodbye oh oh oh 영원히 Oh oh oh 슬프게 내린 비는 꽃을 피우고 너의 눈물은 예쁜 사랑을 피울 거야 슬퍼하지 마 새로운 오늘을 맞이할 준비를 해봐 Ooh ooh 햇살 가득한 날들이여 안녕 긴 잠에서 날 깨워준 아침이여 안녕 Oh 너의 유리처럼 맑은 미소가 세상을 환히 웃음 짓게 할 거야 Ooh ah 날아가도 돼 외로운 날들이여 모두 다 안녕 내 마음속의 눈물들도 이제는 안녕 Oh 어제의 너는 바람을 타고 멀리 후회도 없이 미련 없이 날아가 햇살 가득한 날들이여 안녕 긴 잠에서 날 깨워준 아침이여 안녕 Oh 너의 유리처럼 맑은 미소가 세상을 환히 웃음 짓게 할 거야 Goodbye oh oh oh 영원히 Oh oh oh,2021,5,202105
Celebrity,아이유,댄스,2021.03.25,세상의 모서리 구부정하게 커버린 골칫거리 outsider  걸음걸이 옷차림 이어폰 너머 play list 음악까지 다 minor  넌 모르지 떨군 고개 위 환한 빛 조명이 어딜 비추는지  느려도 좋으니 결국 알게 되길 The one and only You are my celebrity  잊지마 넌 흐린 어둠 사이 왼손으로 그린 별 하나 보이니 그 유일함이 얼마나 아름다운지 말야 You are my celebrity  celebrity You are my celebrity  지쳐버린 표정 마치 전원을 꺼놓은 듯이 심장소린 too quiet  네가 가진 반짝거림 상상력 identity 까지 모조리 diet  넌 모르지 아직 못다 핀 널 위해 쓰여진 오래된 사랑시  헤매도 좋으니 웃음 짓게 되길 The one and only You are my celebrity  잊지마 넌 흐린 어둠 사이 왼손으로 그린 별 하나 보이니 그 유일함이 얼마나 아름다운지 말야 You are my celebrity  발자국마다 이어진 별자리 그 서투른 걸음이 새겨놓은 밑그림 오롯이 너를 만나러 가는 길 그리로 가면 돼 점선을 따라  잊지마 이 오랜 겨울 사이 언 틈으로 피울 꽃 하나 보이니 하루 뒤 봄이 얼마나 아름다울지 말야 You are my celebrity  celebrity You are my celebrity,2021,3,202103
운전만해 (We Ride),브레이브걸스,댄스,2020.08.14,넌 운전만 해 계속 운전만 해 왜 이리 된 걸까 우리 사이가 갑자기 어색해졌단 걸 왜 달라졌을까 웃음이 말라서 함께 있는 게 불편해졌어 말없이 그냥 걷기만 해요 We just walking down the street 아무런 말도 없이 처음과는 너무 다른 사이 말없이 그냥 먹기만 해요 부쩍 줄어든 대화 속에 What happened to us 침묵이 내려 지금 달리는 차 안에 우린 아무 말 없네 너는 그렇게 운전만 해 난 핸드폰 보네 넌 창밖을 보네 난 너무 답답해 우리 사이는 막막해 Babe We're still in your car In your car 계속해서 침묵만 So quiet Can you break the silence cause I don't want it Radio 소리만 이곳에 이곳에 That's so sad 무슨 말 좀 해봐 말없이 그냥 걷기만 해요 We just walking down the street 아무런 말도 없이 처음과는 너무 다른 사이 말없이 그냥 먹기만 해요 부쩍 줄어든 대화 속에 What happened to us 침묵이 내려 지금 달리는 차 안에 우린 아무 말 없네 너는 그렇게 운전만 해 난 핸드폰 보네 넌 창밖을 보네 난 너무 답답해 우리 사이는 막막해 Babe You know I know We both know 이 침묵은 깨져야만 해 너도 나도 다 알면서도 쉽게 뗄 수 없는 입 달리는 차 안에 우린 아무 말 없네 너는 그렇게 운전만 해 난 핸드폰 보네 넌 창밖을 보네 난 너무 답답해 우리 사이는 막막해 Babe 넌 운전만 해 계속 운전만 해,2020,8,202008
하루만 더,빅마마,발라드,2021.06.24,하루만 더 우리 이별을 늦춘다면 어땠을까 그럴 일 없다는 걸 나는 알면서도 아직 널 보낼 수가 없나봐 한번만 나 이렇게 널 불러볼게 오늘까지만 그리워할게 끝이 보이지않아 내 사랑은 가슴깊이 이별을 남기고 새까맣게 흉터가 되어도 또 다시 너를 그리워해 내 전부인 널 단 하루만 더 너를 사랑할게 단 한순간도 못 잊어 너 없는 세상이 너무나 아파서 무너져가 다시 돌아와줘 시간에 기대어 애써봐도 이별은 왜 계속 선명해질까 잘 지내란 인사 못할 것 같아 오늘까지만 눈물 흘릴게 oh 혼자 남은 내 맘을 이해해줘 네 흔적이 그대로 남아서 내 입술이 추억을 부르고 여전히 너를 사랑한다 내 전부인 널 단 하루만 더 너를 사랑할게 단 한순간도 못 잊어 너 없는 세상이 너무나 아파서 무너져가 다시 돌아와줘 시간에 기대어 애써봐도 이별은 왜 계속 선명해질까 우리의 이별 끝에 아직도 서있어 지금도 네게 하고 픈 말 뜨겁게 널 사랑한다고 단 한순간도 못 보내 너 없는 세상이 너무나 아파 목이 메어와 정말 끝난거니 참 행복했었던 그때 우린 추억마저 사라지고 있잖아,2021,6,202106
상상더하기,MSG워너비 TOP 8 (별루지 김정수 강창모 정기석 이동휘 이상이 박재정 원슈타인),댄스,2021.05.22,워우예~ 예~ 1 2 Come on R U ready! 3 4 Do it I'm ready! 5 6 Baby are you ready! 지금 나와 어디든 가자 지루한 하루 여기까지만 All stop 작은 가방 운동화 챙겨 자 더 크게 Radio를 높이고 코발트블루 물결 눈부신 바다 (달빛 가득 묻은 작은 섬) 야경이 눈부신 도시는 어때 (함께라면 어디든 좋아 난~) 너와 나 그곳으로 떠나는 거야 상상에 상상에 상상을 더해서 (어머 깜짝야) 눈부셔 눈부셔 눈부셔 이건 뭐 Oh hello new world 두 손 모아 소리치면 푸른 하늘이 내게로 와 (날아가볼래) 상상의 상상의 미래로 가볼까 (바람을 타고) 새로운 눈빛에 가슴이 붐 붐 붐 ~ Oh 발견했어 우리들만의 Paradise~ (Oh Paradise~ Yeah~) 흑백영화 같은 하루에 레몬 터지듯 짜릿함이 필요해 지금 당장 널 데려갈게 꿈꿔오던 사진 속 그곳으로 민트 그린 빛 바람 가득한 숲 속 (달콤한 향기의 칵테일) 지도를 벗어나 ticket to the dream (함께라면 어디든 좋아 난) 너와 나 그곳으로 떠나는 거야 상상에 상상에 상상을 더해서 (어머 깜짝야) 눈부셔 눈부셔 눈부셔 이건 뭐 Oh hello new world 두 손 모아 소리치면 푸른 하늘이 내게로 와 (날아가볼래) 상상의 상상의 미래로 가볼까 (바람을 타고) 새로운 눈빛에 가슴이 붐 붐 붐~ Oh 발견했어 우리들만의 Paradise~ 너와 나의 비밀스러운 풍경들 언제라도 다시 와 주겠니 은하수 아래 밤새 부른 노래 영원히 잊지 않을 거야~~ 이 시간 속에 영원히 네 품에 안기고 싶은 걸 (단둘이 이 순간 잠들고 싶은 걸) 지도엔 없는 이곳을 꼭 기억해줘 (우리들만의 Paradise~ Oh~) 상상에 상상에 상상을 더해서 (어머 깜짝야) 눈부셔 눈부셔 눈부셔 이건 뭐 oh hello new world 처음 만난 세상 속에 나의 가슴이 라 라 라 라 (날아가볼래) 상상의 상상의 미래로 가볼까 (바람을 타고) 새로운 눈빛에 가슴이 붐 붐 붐~ oh 발견했어 우리들만의 Paradise~ (너와 나~ Yeah~) 1 2 Come on R U ready! 3 4 Do it I'm ready! 5 6 Baby are you ready!,2021,5,202105
사이렌 Remix (Feat. UNEDUCATED KID Paul Blanco),호미들,랩힙합,2021.03.20,울려댔어 사이렌 텅 빈 길거리엔 도망치다 흘린 칼자루와 피가 흥건해 우리 그때 어릴땐 뭘 몰랐었지 man 그냥 힘쎈 형이 제일로 멋졌었지 그땐 그래 우린 살아나왔어 지옥 이제 어딜가든 다 비옥 수도 없이 맛본 치욕 어릴때부터 입에 붙은 쌍욕 절대 할 수 없었지 신고 할 수 있는게 오직 기도 어떻게 느끼겠어 피곤 붉게 물들지 않을려 내 흰옷 침대가 없어서 엄마랑 잤어 매일 밤마다 우는 소리가 들려 난 대체 뭘 해야 되는지 몰라서 그냥 계속했어 자는 척 떨면서 BBQ 치킨을 시켰어 엄마는 우리를 속였어 고작 15000원 때문에 엄마 내가 돈 어떻게든 벌어올게 이제 남몰래 눈물 흘리지 않아도 돼 내 몸 하나 불살라서라도 꺼내줄게 난 그 모습 다시 실눈 뜨고 볼 순 없기에 울려댔어 사이렌 텅 빈 길거리엔 도망치다 흘린 칼자루와 피가 흥건해 우리 그때 어릴땐 뭘 몰랐었지 man 그냥 힘쎈 형이 제일로 멋졌었지 그땐 그래 우린 살아나왔어 지옥 이제 어딜가든 다 비옥 수도 없이 맛본 치욕 어릴때부터 입에 붙은 쌍욕 절대 할 수 없었지 신고 할 수 있는게 오직 기도 어떻게 느끼겠어 피곤 붉게 물들지 않을려 내 흰옷 여기서 더 있다간 감방이 내 방 종신형이 친구 책가방 안에 어린 내가 짝사랑하던 그 여잔 이 block에서 지금 몸 팔아 새꺄 this real life 김치 냄새 땜에 놀려대길래 도시락통을 닫아 That’s real life 그런 날 보고 지 점심을 나눠준 꼬마가 있었어 That’s real life 어느 날 관 속에 그 친구의 얼굴을 만지게 됐어 That’s 울려댔어 사이렌 텅 빈 길거리엔 도망치다 흘린 칼자루와 피가 흥건해 우리 그때 어릴땐 뭘 몰랐었지 man 그냥 힘쎈 형이 제일로 멋졌었지 그땐 그래 우린 살아나왔어 지옥 이제 어딜가든 다 비옥 수도 없이 맛본 치욕 어릴때부터 입에 붙은 쌍욕 절대 할 수 없었지 신고 할 수 있는게 오직 기도 어떻게 느끼겠어 피곤 붉게 물들지 않을려 내 흰옷,2021,3,202103
상상더하기,라붐 (LABOUM),댄스,2016.04.06,1 2 Come On R U Ready 3 4 Do It I'm Ready 5 6 Baby Are You Ready 지금 나와 어디든 가자 지루한 하루 여기까지만 All Stop 작은 가방 운동화 챙겨 자 더 크게 Radio를 높이고 코발트블루 물결 눈부신 바다 달빛 가득 묻은 작은 섬 야경이 눈부신 도시는 어때 함께라면 어디든 좋아 난 너와 나 그곳으로 떠나는 거야 상상에 상상에 상상을 더해서 어머 깜짝야 눈부셔 눈부셔 눈부셔 이건 뭐 Oh Hello New World 두 손 모아 소리치면 푸른 하늘이 내게로 와 날아가볼래 상상의 상상의 미래로 가볼까 바람을 타고 새로운 눈빛에 가슴이 붐 붐 붐 Oh 발견했어 우리들만의 Paradise 흑백영화 같은 하루에 레몬 터지듯 짜릿함이 필요해 지금 당장 널 데려갈게 꿈꿔오던 사진 속 그곳으로 민트그린빛 바람 가득한 숲 속 달콤한 향기의 칵테일 지도를 벗어나 Ticket To The Dream 함께라면 어디든 좋아 난 너와 나 그곳으로 떠나는 거야 상상에 상상에 상상을 더해서 어머 깜짝야 눈부셔 눈부셔 눈부셔 이건 뭐 Oh Hello New World 두 손 모아 소리치면 푸른 하늘이 내게로 와 날아가볼래 상상의 상상의 미래로 가볼까 바람을 타고 새로운 눈빛에 가슴이 붐 붐 붐 Oh 발견했어 우리들만의 Paradise 너와 나의 비밀스런 풍경들 언제라도 다시 와 주겠니 은하수 아래 밤새 부른 노래 영원히 잊지 않을 거야 이 시간 속에 영원히 네 품에 안기고 싶은걸 단 둘이 이순간 잠들고 싶은걸 지도엔 없는 이 곳을 꼭 기억해줘 우리들만의 Paradise 상상에 상상에 상상을 더해서 어머 깜짝야 눈부셔 눈부셔 눈부셔 이건 뭐 oh Hello New World 처음 만난 세상 속에 나의 가슴이 라 라 라 라 날아가볼래 상상의 상상의 미래로 가볼까 바람을 타고 새로운 눈빛에 가슴이 붐 붐 붐 Oh 발견했어 우리 들만의 Paradise 1 2 Come On R U Ready 3 4 Do It I'm Ready 5 6 Baby Are You Ready,2016,4,201604
Timeless,SG 워너비,발라드,2004.01.20,어쩜 살아가다 보면 한 번은 날 찾을지 몰라 나 그 기대 하나로 오늘도 힘겹게 버틴 걸 난 참 기억력도 좋지 않은데 왜 너에 관한 건 그 사소한 추억들까지도 생각이 나는지  너를 잊을 순 없지만 붙잡고 싶지만 이별 앞에서 할 수 있는 건 좋은 기억이라도 남도록 편히 보내주는 일  혼자 남아도 괜찮아 가도 괜찮아 세상에 제일 자신있는 건 내가 언제나 그래왔듯이 너를 기다리는 일  어쩜 살아가다보면 한 번은 날 찾을지 몰라 난 그 기대 하나로 오늘도 힘겹게 버틴 걸 부디 하루빨리 좋은 사람과 행복하길 바래 그래야만 내 마음 속에서 널 보낼 것 같아  너를 잊을 순 없지만 붙잡고 싶지만 이별 앞에서 할 수 있는 건 좋은 기억이라도 남도록 편히 보내주는 일  이젠 멀어져 가지만 잠시였지만 태어나 처음 잘한 듯한 건 내겐 아무리 생각해봐도 너를 사랑했던 일  서로가 하나씩 이별의 선물을 나눠간 거잖아 난 마음을 준 대신 넌 내게 추억을 준 거야  다시 또 나를 살아가게 할 거야  날 아프게 했지만 울게 했지만 이것 하나만큼은 고마워 눈 감는 그날 내가 가져갈 추억 만들어줘서,2004,1,200401
멜로디,ASH ISLAND,랩힙합,2021.02.25,어딘가 들어본 듯한 이 Melody 떠올라 작은 기억들이 My memories 날 담은 소파는 커 It’s too much Too much 기억할수록 난 되어만 가 Loser Loser 어딘가 들어본 듯한 이 Melody 떠올라 작은 기억들이 My memories 날 담은 소파는 커 It’s too much Too much 기억할수록 난 되어만 가 Loser Loser I’m a Loser 난 처음 너의 바램이 되고 싶어 세상을 다 주겠다고 약속을 해 많은 눈들의 착각이 나에겐 혼란이 되어 너만 힘들게 했지 더 잃을 것도 없었는데 날 너와 비교했어 참 나는 못된 사람이 됐고 모든 내 말들은 널 위한 거였단 핑계가 돼 근데 이젠 혼자 살기에는 버거운 집과 혼자 앉아있긴 너무 커 소파 또 다 쓰지도 못하는 돈과 옷 널 데려다줄 만한 큰 차 뭐 다 가져버리고 나서 난 TV에 너와 함께 보던 영화 흘러나오다가 혼잣말 옆에 없잖아 너가 하루 종일 싸우고 안은 채 잠들어도 좋아 다 괜찮으니 와서 채워주라 이 소파 혼자는 이 공간이 너무 커 필요해 너가 필요해 너가 어딘가 들어본 듯한 이 Melody 떠올라 작은 기억들이 My memories 날 담은 소파는 커 It’s too much Too much 기억할수록 난 되어만 가 Loser Loser 어딘가 들어본 듯한 이 Melody 떠올라 작은 기억들이 My memories 날 담은 소파는 커 It’s too much Too much 기억할수록 난 되어만 가 Loser Loser I’m a Loser Oooh 영원할 것 같았던 약속들 손을 잡아주겠다던 너와 나 둘 앞이 안 보일 때 너가 돼준 내 눈 겨울에 함께 봤던 눈 불타올랐지 아무리 추워도 난 With you 불이 꺼져 재만 남아도 Lovin u 라고 말하던 때 그때 그 기억인 듯 아직두 너와 듣던 노래들의 가사들 뻔한듯했던 그 Melody 가 익숙하던 예전 그대로 고정돼있던 곡 뻔하던 그 제목 초라해 질까 봐 난 말을 못 했어 필요해 너가 어딘가 들어본 듯한 이 Melody 떠올라 작은 기억들이 My memories 날 담은 소파는 커 It’s too much Too much 기억할수록 난 되어만 가 Loser Loser 어딘가 들어본 듯한 이 Melody 떠올라 작은 기억들이 My memories 날 담은 소파는 커 It’s too much Too much 기억할수록 난 되어만 가 Loser Loser I’m a Loser,2021,2,202102
내 손을 잡아,아이유,발라드 국내드라마,2011.05.25,느낌이 오잖아  떨리고 있잖아  언제까지 눈치만 볼 거니  네 맘을 말해봐  딴청 피우지 말란 말이야  네 맘 가는 그대로  지금 내 손을 잡아  어서 내 손을 잡아  우연히 고개를 돌릴 때 마다  눈이 마주치는 건  며칠 밤 내내 꿈속에 나타나  밤새 나를 괴롭히는 건  그 많은 빈자리 중에서 하필  내 옆자릴 고르는 건  나도 모르게 어느새 실없는 웃음  흘리고 있다는 건  그럼 말 다했지 뭐  우리 얘기 좀 할까  느낌이 오잖아 떨리고 있잖아  언제까지 눈치만 볼 거니  네 맘을 말해봐  딴청 피우지 말란 말이야  네 맘 가는 그대로  지금 내 손을 잡아  핸드폰 진동에  심장이 덜컥내려 앉는다는 건  오 나도 모르게  어느새 짓궂은 네 말투  자꾸 듣고 싶은걸  어떡해  저기 멀리 걸어온다  눈이 마주친다  언제까지 넌 모른척 할거니  사랑이 온거야 너와 나 말이야  네가 좋아 정말 못 견딜 만큼  그거면 된거야  더는 생각하지 말란 말이야  네 맘 가는 그대로  느낌이 오잖아 떨리고 있잖아  언제까지 눈치만 볼 거니  네 맘을 말해봐  딴청 피우지 말란 말이야  네 맘 가는 그대로  지금 내 손을 잡아  그냥 내 손을 잡아  지금 내 손을 잡아,2011,5,201105
밝게 빛나는 별이 되어 비춰줄게,송이한,R&BSoul,2020.12.29,우리의 모든 순간이 애틋해 눈물 날 때면 언제나 네게 닿을 수 있게 가까이서 머물게 유난히 더 힘든 날엔 더 이상 외롭지 않게 안아줄게 영원히 내 품에 너를 간직할게 세상이 널 외면해도 모두가 저버린대도 항상 곁에서 변함없이 늘 있어줄게 밝게 빛나는 별이 되어 너를 비춰줄게 매일 어두워 헤맬 때도 앞이 두려워도 언제나 널 지켜줄게 세상이 널 아프게 할 땐 내가 안아줄게 매일 포근한 바람으로 따듯한 햇살로 난 널 지켜줄게 매일 너의 모든 시간 속에 내가 함께할게 오직 너를 위한 소중한 꿈을 담아 밝게 빛나는 별이 되어 너를 비춰줄게 매일 어두워 헤맬 때도 앞이 두려워도 언제나 널 지켜줄게 세상이 널 아프게 할 땐 내가 안아줄게 매일 포근한 바람으로 따듯한 햇살로 난 널 지켜줄게 네가 걸어가는 그 길 따라 수많은 별이 되어 비춰줄게 눈부시게 또 아름답게 너를 비춰줄게 매일 세월이 흐른대도 시간이 지나도 언제나 널 사랑할게 영원히 너만을 빛나게 내가 비춰줄게 매일 길고 긴 시간 속에서 찾아올 끝에도 너를 사랑할게 매일,2020,12,202012
Savage Love (Laxed - Siren Beat) (BTS Remix),Jawsh 685 Jason Derulo 방탄소년단,POP,2020.10.02,Savage love Did somebody did somebody Break your heart Lookin' like an angel But your savage love When you kiss me I know you don't give two fucks But I still want that If I woke up without you I don't know what I would do Thought I could be single forever 'till I met you Usually don't be fallin' be fallin' fallin' fast You gotta way of keeping me comin' back-to-back I just found out the only reason that you lovin' me Was to get back at your ex lover but before you leave Usually I would never would never even care Baby I know she creepin' I feel it in the air Every night every day I try to make you stay But your Savage love Did somebody did somebody Break your heart Lookin' like an angel But your savage love But when you kiss me I know you don't give two fucks But I still want that Your savage love Your savage la-la-love Your savage la-la-love You could use me Cos I still want that 사랑이란 어쩌면 순간의 감정의 나열 조건이 다들 붙지 난 뭘 사랑하는가 영원이라는 말은 어쩌면 모래성 잔잔한 파도 앞에 힘없이 무너져 Every night every day I'm swept away by the waves Don't know what I'm thinking Can’t get you outta my head 내가 두려운 게 그대이든 그때이든 불같이 사랑할래 그댈 지금 Every night and every day I try to make you stay But your Savage love Did somebody did somebody Break your heart Lookin' like an angel But your savage love But when you kiss me I know you don't give two fucks But I still want that Your savage love Your savage la-la-love Your savage la-la-love You could use me Cuz I still want that Your savage love Your savage la-la-love Your savage la-la-love You could use me Baby Savage love Did somebody did somebody Break your heart Lookin' like an angel But your savage love When you kiss me I know you don't give two fucks But I still want that Your savage love savage love Your savage la-la-love Your savage la-la-love You could use me Cos I still want that your savage love,2020,10,202010
밤하늘의 별을(2020),경서,발라드,2020.11.14,밤하늘의 별을 따서 너에게 줄래 너는 내가 사랑하니까 더 소중하니까 오직 너 아니면 안 된다고 외치고 싶어 그저 내 곁에만 있어줘 떠나지 말아줘 참 많이 어색했었죠 널 처음 만난 날 멀리서 좋아하다가 들킨 사람처럼 숨이 가득 차올라서 아무 말 하지 못했는데 너는 말 없이 웃으며 내 손 잡아줬죠 밤하늘의 별을 따서 너에게 줄래 너는 내가 사랑하니까 더 소중하니까 오직 너 아니면 안 된다고 외치고 싶어 그저 내 곁에만 있어줘 떠나지 말아줘 널 좋아하는 내 마음이 표현이 안 돼 꿈이 아니면 좋겠어 자꾸 웃음 나와 내 모든 걸 다 준대도 너에겐 아깝질 않아 이 순간이 영원하길 난 정말 행복해 밤하늘의 별을 따서 너에게 줄래 너는 내가 사랑하니까 더 소중하니까 오직 너 아니면 안 된다고 외치고 싶어 그저 내 곁에만 있어줘 떠나지 말아줘 그저 내 곁에만 있어줘 떠나지 말아줘 많고 많은 사람 중에 너를 만나서 행복하고 싶어 두 번 다시 울지 않을래 오직 내 눈에는 너만 보여 나를 아껴줘 이제부터 혼자가 아니야 우린 함께니까 나나나 난난 난난나 나나나 난난 난난나 나 나나나 난난 난난나 나나난나 나나나 난난 난난나 나나나 난난 난난나 나 나나나 난난 난난나 나나난나,2020,11,202011
라라라,SG 워너비,발라드,2008.04.24,그대는 참 아름다워요 밤 하늘의 별빛보다 빛나요 지친 나의 마음을 따뜻하게 감싸줄 그대 품이 나의 집이죠 세찬 바람 앞에서 꺼질듯한 내 사랑도 잘 참고서 이겨내줬어요 정말 눈물나도록 고마운 맘 아나요 그대 내곁에 살아줘서 사랑해요 사랑해요 내가 그대에게 부족한걸 알지만 세월을 걷다보면 지칠때도 있지만 그대의 쉴곳이 되리라 사랑해요 고마운 내 사랑 평생 그대만을 위해 부를 이노래 사랑 노래 함께 불러요 둘이서 라라라 그대 쳐진 어깨가 내맘을 아프게해요 잘 해준것도 없는 나라서 그대의 고운 손이 세월에 변했어요 못지켜줘서 미안해요 사랑해요 사랑해요 내가 그대에게 부족한걸 알지만 세월을 걷다보면 지칠때도 있지만 그대의 쉴곳이 되리라 사랑해요 고마운 내 사랑 평생 그대만을 위해 부를 이노래 사랑노래 함께 불러요 둘이서 라라라 고마워요 고마워요 그대 자신보다 나를 아껴준 사랑 세상이 등 돌려도 누가 뭐라고 해도 내가 그대 지켜줄게요 사랑해요 소중한 내사랑 평생 그대만을 위해 부를 이노래 사랑노래 함께 불러요 둘이서 라라라 그대 품이 나의 집이죠 영원히 라라라,2008,4,200804
비 오는 날 듣기 좋은 노래 (Feat. Colde),에픽하이 (EPIK HIGH),랩힙합,2021.06.29,비가 오고 네가 생각나 비가 오고 또 비가 오고 슬픈 음악이 흐르면 옛 노래처럼 네가 생각나 네가 생각나 비가 오고 잠이 안 오고 슬픈 음악이 흐르면 옛 가사처럼 네가 생각나 네가 생각나 네가 생각나 술이 물처럼 넘어가네 오늘따라 몸이 예전 같지 않은 걸 내 마음이 모르나 봐 때마침 네가 좋아했던 옛 노래도 흐르니 다시 손 틈새 스며드는 memory 위험해 위험해 속 시원하게 운다 감정을 일절 금했다간 한 순간에 훅 가 구차하게 내 탓 네 탓 이 쓸쓸한 날씨 탓 하긴 싫다 마음 편히 널 그리워할래 인생 뭐 있냐 어차피 알 수 없는 내일인데 I know I know you will never take me back 마음이 약해질 수록 술이 더 세지네 이런 내가 싫겠지만 이해해 인생 뭐 있냐 몇 장 뒤엔 마지막 페이지인데 I know I know you will never take me back 그칠 때만 되면 또 다시 비가 내리네 난 잘 지내 비가 오고 또 비가 오고 슬픈 음악이 흐르면 옛 노래처럼 네가 생각나 네가 생각나 비가 오고 잠이 안 오고 슬픈 음악이 흐르면 옛 가사처럼 네가 생각나 네가 생각나 네가 생각나 다 잊고 싶었지만 증발했다고 믿었던 추억이 비가 됐나 봐 창밖에 쏟아지는 빗방울 내 마음을 두드리면 엉킨 감정을 풀고 다시 이어지는 인연 괜찮은 척 해서 더 아파야 했던 지난 날 이젠 웃으며 맞이하네 공허한 밤 혼자 내뱉는 이 넋두리도 메아리 치다 지쳐 언젠가 끝나겠지 뭐 내버려 둬 사랑 뭐 있냐 어차피 돌아서면 남인데 I know I know you will never take me back 몸이 멀어질 수록 멀어지는게 마음인데 이런 내가 싫겠지만 이해해 사랑 뭐 있냐 몇 장 뒤엔 마지막 페이지인데 I know I know you will never take me back 그칠 때만 되면 또 다시 비가 내리네 잘 지내 비가 오고 또 비가 오고 슬픈 음악이 흐르면 옛 노래처럼 네가 생각나 네가 생각나 비가 오고 잠이 안 오고 슬픈 음악이 흐르면 옛 가사처럼 네가 생각나 네가 생각나 네가 생각나 비 오는 날에 듣기 좋은 노래 자꾸만 더 늘어가네요 비가 오고 비가 오고 또 비가 오고 슬픈 음악이 흐르면 옛 노래처럼 네가 생각나 네가 생각나 비가 오고 잠이 안 오고 슬픈 음악이 흐르면 옛 가사처럼 네가 생각나 네가 생각나 네가 생각나 비 오는 날에 듣기 좋은 노래 자꾸만 더 늘어가네요 이 비가 그치는 날에 해 뜨는 날에 이런 노래 그만할게요,2021,6,202106
Lovesick Girls,BLACKPINK,댄스,2020.10.02,영원한 밤 창문 없는 방에 우릴 가둔 love What can we say 매번 아파도 외치는 love  다치고 망가져도 나 뭘 믿고 버티는 거야 어차피 떠나면 상처투성인 채로 미워하게 될걸 끝장을 보기 전 끝낼 순 없어 이 아픔을 기다린 것처럼  아마 다 잠깐 일지도 몰라 우린 무얼 찾아서 헤매는 걸까  But I don’t care I’ll do it over and over 내 세상 속엔 너만 있으면 돼  We are the lovesick girls 네 멋대로 내 사랑을 끝낼순 없어 We are the lovesick girls 이 아픔 없인 난 아무 의미가 없어  But we were born to be alone Yeah we were born to be alone Yeah we were born to be alone But why we still looking for love  No love letters no x and o’s No love never my exes know No diamond rings that set in stone To the left better left alone  Didn’t wanna be a princess I’m priceless A prince not even on my list Love is a drug that I quit No doctor could help when I’m lovesick  아마 다 잠깐 일지도 몰라 우린 무얼 찾아서 헤매는 걸까  불안한 내 눈빛 속에 널 담아 아프더라도 너만 있으면 돼  We are the lovesick girls 네 멋대로 내 사랑을 끝낼 순 없어 We are the lovesick girls 이 아픔 없인 난 아무 의미가 없어  But we were born to be alone Yeah we were born to be alone Yeah we were born to be alone But why we still looking for love  사랑은 slippin’ and fallin’ 사랑은 killin’ your darlin’ 아프다 아물면 또 찾아오는 이 겁 없는 떨림  들리지 않아 what you say 이 아픔이 난 행복해 나를 불쌍해 하는 네가 내 눈엔 더 불쌍해  We are the lovesick girls 네 멋대로 내 사랑을 끝낼 순 없어 We are the lovesick girls 이 아픔없인 난 아무 의미가 없어  Lovesick girls 모두 결국 떠나가고 Lovesick girls 내 눈물이 무뎌져도 Lovesick girls 아프고 또 아파도 Lovesick girls But we’re still looking for love,2020,10,202010
LOVE DAY (2021) (바른연애 길잡이 X 양요섭 정은지),양요섭 정은지,댄스,2021.03.05,참 많이 궁금해 전부 다 궁금해 왜 잠이 안 오고 네 얼굴만 보여 나도 궁금해 이 맘이 궁금해 왜 너만 보면 웃음이 먼저 나와 친구들 모여서 네 말이 나오면 왜 내가 들떠서 더 듣고 싶은지 너만 있으면 난 딴 사람이 돼 또 뜬금없는 어색한 농담을 늘 해 사실 난 이 느낌이 이상해 구름 위가 있다면 여기일까 혹시 그런 걸까 너와 나 그런 걸까 내 맘과 같다면 시작돼 버린 걸까 너를 많이 많이 좋아해 너를 나 사랑하게 됐나 봐 똑같이 말하고 싶은데 내가 그래도 될까 좀 더 기다려볼까 나도 많이 많이 좋아해 사실 난 이런 맘이 처음인데 더 기다려줄게 더 기다려줄래 난 여기 있을게 여기 있어줄래 우리는 이미 같은 맘인걸 내 뭐가 좋은지 난 그게 궁금해 언제부터 내가 네 맘에 살았니 나도 궁금해 Yeah 네 맘이 궁금해 Yeah 싫지 않은 게 아니라 좋은 거지 예쁜 여자들은 No 참 많고 많은데 No 넌 정말 나밖에 안 보이는 건지 멋진 남자들 누구 네 곁에 많은데 어디 어떻게 네가 내게로 오는 거니 Girl 사실 난 우릴 자꾸 상상해 상상해 이런 기분 어쩐지 수상해 같은 하늘 아래 같은 하늘 아래서 같은 생각을 하고 똑같은 말 이제 해도 될 것 같은데 너를 많이 많이 좋아해 너를 나 사랑하게 됐나 봐 똑같이 말하고 싶은데 내가 그래도 될까 좀 더 기다려볼까 나도 많이 많이 좋아해 사실 난 이런 맘이 처음인데 더 기다려줄게 더 기다려줄래 난 여기 있을게 여기 있어줄래 우리는 이미 같은 맘인걸 누가 좋아해 더 내가 더 그런 건 나 중요치 않은걸 나 손 내밀면 그 손 안 놓을 자신 있다면 영원히 그 손을 놓지 않을게 너를 너무너무 좋아해 사실 난 이미 너를 사랑해 똑같이 말할 수 있는데 왜 난 떨리는 건지 자꾸 망설이는지 아니 너를 너를 사랑해 이제는 내 맘 다 말해줄게 날 믿어주겠니 널 믿어볼게 난 이 사랑 안에서 이 사랑 속에서 나란히 같이 걸어가자 둘이,2021,3,202103
작은 것들을 위한 시 (Boy With Luv) (Feat. Halsey),방탄소년단,댄스,2019.04.12,모든 게 궁금해 How’s your day Oh tell me 뭐가 널 행복하게 하는지 Oh text me Your every picture 내 머리맡에 두고 싶어 oh bae Come be my teacher 네 모든 걸 다 가르쳐줘 Your 1 your 2 Listen my my baby 나는 저 하늘을 높이 날고 있어 그때 니가 내게 줬던 두 날개로 이제 여긴 너무 높아 난 내 눈에 널 맞추고 싶어 Yeah you makin’ me a boy with luv Oh my my my oh my my my I've waited all my life 네 전부를 함께하고 싶어 Oh my my my oh my my my Looking for something right 이제 조금은 나 알겠어 I want something stronger Than a moment than a moment love I have waited longer For a boy with For a boy with luv 널 알게 된 이후 ya 내 삶은 온통 너 ya 사소한 게 사소하지 않게 만들어버린 너라는 별 하나부터 열까지 모든 게 특별하지 너의 관심사 걸음걸이 말투와 사소한 작은 습관들까지 다 말하지 너무 작던 내가 영웅이 된 거라고 Oh nah 난 말하지 운명 따윈 처음부터 내 게 아니었다고 Oh nah 세계의 평화 No way 거대한 질서 No way 그저 널 지킬 거야 난 Boy with luv Listen my my baby 나는 저 하늘을 높이 날고 있어 그때 니가 내게 줬던 두 날개로 이제 여긴 너무 높아 난 내 눈에 널 맞추고 싶어 Yeah you makin’ me a boy with luv Oh my my my oh my my my You got me high so fast 네 전부를 함께하고 싶어 Oh my my my oh my my my You got me fly so fast 이제 조금은 나 알겠어 Love is nothing stronger Than a boy with luv Love is nothing stronger Than a boy with luv 툭 까놓고 말할게 나도 모르게 힘이 들어가기도 했어 높아버린 sky 커져버린 hall 때론 도망치게 해달라며 기도했어 But 너의 상처는 나의 상처 깨달았을 때 나 다짐했던 걸 니가 준 이카루스의 날개로 태양이 아닌 너에게로 Let me fly Oh my my my oh my my my I've waited all my life 네 전부를 함께하고 싶어 Oh my my my oh my my my Looking for something right 이제 조금은 나 알겠어 I want something stronger Than a moment than a moment love Love is nothing stronger Than a boy with luv,2019,4,201904
Dolphin,오마이걸 (OH MY GIRL),댄스,2020.04.27,oh my god 타이밍이 참 얄미워 오늘 같은 날 마주쳐 이게 뭐야 머리는 엉망인 데다 상태가 말이 아니야 모른 척 지나가 줘 내 맘이 방심할 때마다 불쑥 나타난 뒤 헤엄치듯 멀어지는 너 또 물보라를 일으켜 da da da da da da da da da da da da da da 또 물보라를 일으켜 da da da da da da da da da da da da da da 또 물보라를 일으켜 어쩐지 오늘 알람이 안 울려 아무거나 막 입었고 지각이야 아래로 몸을 낮추고 숨을 꾹 참아봤지만 아이쿠 들켰나 봐 내 맘이 방심할 때마다 불쑥 나타난 뒤 헤엄치듯 멀어지는 너 또 물보라를 일으켜 da da da da da da da da da da da da da da 또 물보라를 일으켜 da da da da da da da da da da da da da da 또 물보라를 일으켜 이 파도 위 난 온종일 서핑을 하는 느낌 아찔한 feeling 난 솔직히 푹 빠졌지 하지만 이건 secret 또 물보라를 일으켜 갑자기 웃으며 얼굴을 불쑥 다가온 뒤 원을 갈라 하트를 그려 또 물보라를 일으켜 da da da da da da da da da da da da da da 또 물보라를 일으켜 da da da da da da da da da da da da da da 또 물보라를 일으켜 da da da da da da da da da da da da da da 또 물보라를 일으켜 da da da da da da da da da da da da da da 또 물보라를 일으켜,2020,4,202004
잠이 오질 않네요,장범준,발라드,2020.10.24,당신은 날 설레게 만들어 조용한 내 마음 자꾸만 춤추게 해 얼마나 얼마나 날 떨리게 하는지 당신이 이 밤을 항상 잠 못 들게 해 매일 같은 밤 너를 생각하면서 유치한 노랠 들으며 심장이 춤을 추면서 오오 난 너를 기다리면서 유치한 노랠 부르며 심장이 춤을 추면서 워 나를 떨리게 하나요 그대 왜 나를 설레게 하나요 자꾸만 오늘도 잠 못 이루는 이 밤 아름다운 그대 나를 아프게 하나요 웃는 그대 왜 자꾸 설레게 하나요 하염없이 오늘 밤 잠이 오질 않네요 보고 싶은 그대여 당신이 날 힘들게 만들어 갑자기 내 마음 자꾸만 멍들게 해 얼마나 얼마나 잠 못 들게 하는지 고요한 내 마음 항상 시끄럽게 해 매일 같은 밤 너를 생각하면서 유치한 노랠 들으며 심장이 춤을 추면서 워 난 너를 기다리면서 유치한 노랠 부르며 심장이 춤을 추면서 워 나를 떨리게 하나요 그대 왜 나를 설레게 하나요 자꾸만 오늘도 잠 못 이루는 이 밤 아름다운 그대 나를 아프게 하나요 웃는 그대 왜 자꾸 설레게 하나요 하염없이 오늘 밤 잠이 오질 않네요 보고 싶은 그대여 매일 밤 너를 생각하면서 유치한 노랠 들으며 심장이 춤을 추면서 워오 난 너를 기다리면서 유치한 노랠 부르며 심장이 춤을 추면서 워 나를 떨리게 하나요 그대 왜 나를 설레게 하나요 자꾸만 오늘도 잠 못 이루는 이 밤 아름다운 그대여 나를 아프게 하나요 웃는 그대 왜 자꾸 설레게 하나요 하염없이 오늘 밤 잠이 오질 않네요 보고 싶은 그대여,2020,10,202010
마.피.아. In the morning,ITZY (있지),랩힙합,2021.04.30,Shhhhhhh Guess who loves you 나야 나 Do I show you No야 No 아직 Time이 아냐 난 좀 더 가까이 좀 더 가까이 그러다 갑자기 싹 I’mma steal it 마음을 훔쳐 You are gonna love me 결정적일 때 이빨을 드러내는 Type 나와 두 눈이 마주쳐도 난 흔들림이 없어 No 널 사랑하는 게 죄라면 범인은 Who You’ll never know Baby 헷갈려 헷갈려 헷갈리겠지 넌 결국엔 내 거야 내 거야 내 게 되겠지 넌 이제 Finally finally 택할 시간이야 벌써 어느새 또 밤이 되었습니다 I’m the mafia Ma ma ma ma mafia ya ya We do it like a mafia I’m the mafia Ma ma ma ma mafia ya ya We do it like a mafia 또 아침이 밝았습니다 어젯밤에도 You don’t even know 누구일까 Mafia 날이 밝아도 You don’t even know 누구일까 Mafia 배우보다 더 배우 늑대 가지고 노는 여우 전혀 안 보이겠지 Clue 하지만 나에겐 다 계획이 있다고 Go 그만 머뭇머뭇대 슬슬 작전 개시 너를 뺏어 뺏어 뺏어 Like a caper movie 알 수 없는 Poker face 점령해 네 맘속 Place Hurry up Baby catch me if you can haha Baby 헷갈려 헷갈려 헷갈리겠지 넌 결국엔 내 거야 내 거야 내 게 되겠지 넌 이제 Finally finally 택할 시간이야 벌써 어느새 또 밤이 되었습니다 I’m the mafia Ma ma ma ma mafia ya ya We do it like a mafia I’m the mafia Ma ma ma ma mafia ya ya We do it like a mafia 누구일까 Mafia 마지막 밤이 깊었어 Baby 이 밤이 지나면 네 곁엔 나 하나 Yeah yeah 마침내 피할 수 없는 아침이 와 Hahaha I’m the mafia Ma ma ma ma mafia ya ya We do it like a mafia I’m the mafia Ma ma ma ma mafia ya ya We do it like a mafia 또 아침이 밝았습니다 어젯밤에도 You don’t even know 누구일까 Mafia 날이 밝아도 You don’t even know 누구일까 Mafia,2021,4,202104
추억은 만남보다 이별에 남아,정동하,발라드,2021.01.31,아득한 시간 속에 아직 우리 사랑이 남아있을까 멀어지던 그날의 너를 따라 걸어도 텅 빈 거리엔 미움만 너의 흔적을 마주칠 때마다 익숙함 속에 떠나보내던 소중했던 모든 날들은 후회로 남아 이렇게 또 내게 다가오나 봐 멍하니 혼자 남아 나도 모르게 널 그리워하다 떠오르는 네 생각에 하루를 살아 선명했던 우리의 추억은 만남보다 이별에 남아 여전히 너를 사랑하게 하나 봐 그날처럼 저녁 빛에 밤이 물들면 길게 늘어진 그림자처럼 흩어질 듯 더 커져가는 너의 모습은 아직도 내 안에 가득한가 봐 멍하니 혼자 남아 나도 모르게 널 그리워하다 떠오르는 네 생각에 하루를 살아 선명했던 우리의 추억은 만남보다 이별에 남아 여전히 너를 사랑하고 있나 봐 바보처럼 흩날리는 기억의 모든 순간마다 너를 매일 이렇게 불러본다 꼭 한 번쯤 너에게 해주고 싶었던 말 너무 사랑했다고 다시는 너를 떠나지 않겠다고 여전히 너를 사랑하고 있다고 그날 보다,2021,1,202101
에잇(Prod.&Feat. SUGA of BTS),아이유,록메탈,2020.05.06,So are you happy now Finally happy now are you  뭐 그대로야 난 다 잃어버린 것 같아  모든 게 맘대로 왔다가 인사도 없이 떠나 이대로는 무엇도 사랑하고 싶지 않아 다 해질 대로 해져버린 기억 속을 여행해  우리는 오렌지 태양 아래 그림자 없이 함께 춤을 춰 정해진 이별 따위는 없어 아름다웠던 그 기억에서 만나 Forever young  우우우 우우우우 우우우 우우우우 Forever we young 우우우 우우우우 이런 악몽이라면 영영 깨지 않을게  섬 그래 여긴 섬 서로가 만든 작은 섬 예 음 forever young 영원이란 말은 모래성  작별은 마치 재난문자 같지 그리움과 같이 맞이하는 아침 서로가 이 영겁을 지나 꼭 이 섬에서 다시 만나  지나듯 날 위로하던 누구의 말대로 고작 한 뼘짜리 추억을 잊는 게 참 쉽지 않아 시간이 지나도 여전히 날 붙드는 그곳에  우리는 오렌지 태양 아래 그림자 없이 함께 춤을 춰 정해진 안녕 따위는 없어 아름다웠던 그 기억에서 만나  우리는 서로를 베고 누워 슬프지 않은 이야기를 나눠 우울한 결말 따위는 없어 난 영원히 널 이 기억에서 만나 Forever young  우우우 우우우우 우우우 우우우우 Forever we young 우우우 우우우우 이런 악몽이라면 영영 깨지 않을게,2020,5,202005
Blueming,아이유,록메탈,2019.11.18,‘뭐해?‘라는 두 글자에 ‘네가 보고 싶어’ 나의 속마음을 담아 우 이모티콘 하나하나 속에 달라지는 내 미묘한 심리를 알까 우  아니 바쁘지 않아 nothing no no 잠들어 있지 않아 insomnia nia nia 지금 다른 사람과 함께이지 않아 응 나도 너를 생각 중  우리의 네모 칸은 bloom 엄지손가락으로 장미꽃을 피워 향기에 취할 것 같아 우 오직 둘만의 비밀의 정원  I feel bloom I feel bloom I feel bloom 너에게 한 송이를 더 보내  밤샘 작업으로 업데이트 흥미로운 이 작품의 지은이 that’s me 우 어쩜 이 관계의 클라이맥스 2막으로 넘어가기엔 지금이 good timing 우  같은 맘인 걸 알아 realize la lize 말을 고르지 말아 just reply la la ly 조금 장난스러운 나의 은유에 네 해석이 궁금해  우리의 색은 gray and blue 엄지손가락으로 말풍선을 띄워 금세 터질 것 같아 우 호흡이 가빠져 어지러워  I feel blue. I feel blue. I feel blue. 너에게 가득히 채워  띄어쓰기없이보낼게사랑인것같애 백만송이장미꽃을 나랑피워볼래? 꽃잎의 색은 우리 마음 가는 대로 칠해 시들 때도 예쁘게  우리의 네모 칸은 bloom 엄지손가락으로 장미꽃을 피워 향기에 취할 것 같아 우 오직 둘만의 비밀의 정원  I feel bloom I feel bloom I feel bloom 너에게 한 송이를 더 보내,2019,11,201911
취기를 빌려 (취향저격 그녀 X 산들),산들,발라드,2020.07.20,언제부턴가 불쑥 내 습관이 돼버린 너 혹시나 이런 맘이 어쩌면 부담일까 널 주저했어 언제부턴가 점점 내 하루에 스며든 너 아침을 깨우는 네 생각에 어느샌가 거리엔 어둠이 젖어 들고 취기를 빌려 오늘 너에게 고백할 거야 하루하루 네가 좋다고 괜히 어색할까 혼자 애만 태우다 끝끝내 망설여왔던 순간 알잖아 나 무뚝뚝하고 말도 없는 걸 서툰 표현이 쑥스러워서 괜히 쓰다 지울 문자만 바라보다 멋쩍은 쓴웃음만 언제부턴가 가끔 너와 마주칠 때마다 한참을 머뭇거린 어설픈 손 인사만 오늘 밤도 후회로 잦아들고 취기를 빌려 오늘 너에게 고백할 거야 하루하루 보고 싶다고 괜히 어색할까 혼자 애만 태우다 수없이 연습해왔던 그 말 알잖아 나 무뚝뚝하고 말도 없는 걸 서툰 표현이 쑥스러워서 괜히 쓰다 지울 문자만 바라보다 멋쩍은 쓴웃음만 첫눈을 빌려 오늘은 꼭 고백할 거야 작은 너를 품에 안고서 눈을 마주하고 너무 사랑한다고 함께 하고 싶다고,2020,7,202007
어떻게 이별까지 사랑하겠어 널 사랑하는 거지,AKMU (악뮤),발라드,2019.09.25,일부러 몇 발자국 물러나 내가 없이 혼자 걷는 널 바라본다 옆자리 허전한 너의 풍경 흑백 거리 가운데 넌 뒤돌아본다 그때 알게 되었어 난 널 떠날 수 없단 걸 우리 사이에 그 어떤 힘든 일도 이별보단 버틸 수 있는 것들이었죠 어떻게 이별까지 사랑하겠어 널 사랑하는 거지 사랑이라는 이유로 서로를 포기하고 찢어질 것같이 아파할 수 없어 난 두세 번 더 길을 돌아갈까 적막 짙은 도로 위에 걸음을 포갠다 아무 말 없는 대화 나누며 주마등이 길을 비춘 먼 곳을 본다 그때 알게 되었어 난 더 갈 수 없단 걸 한 발 한 발 이별에 가까워질수록 너와 맞잡은 손이 사라지는 것 같죠 어떻게 이별까지 사랑하겠어 널 사랑하는 거지 사랑이라는 이유로 서로를 포기하고 찢어질 것같이 아파할 수 없어 난 어떻게 내가 어떻게 너를 이후에 우리 바다처럼 깊은 사랑이 다 마를 때까지 기다리는 게 이별일 텐데 어떻게 내가 어떻게 너를 이후에 우리 바다처럼 깊은 사랑이 다 마를 때까지 기다리는 게 이별일 텐데,2019,9,201909
아로하,조정석,발라드 국내드라마,2020.03.27,어두운 불빛아래 촛불 하나 와인 잔에 담긴 약속하나 항상 너의 곁에서 널 지켜줄거야 날 믿어준 너였잖아 나 바라는 건 오직 하나 영원한 행복을 꿈꾸지만 화려하지 않아도 꿈같진 않아도 너만 있어주면 돼 걱정 마 I believe 언제나 I believe 이 순간을 잊지 않을게 내 품에 I believe 안긴 너의 미소가 영원히 빛을 잃어 가지 않게 Cause your love is so sweet You are my everything 첫날 밤에 단 꿈에 젖어 하는 말이 아냐 난 변하지 않아 오직 너만 바라볼거야 oh You’re light of my life You are the one in my life 내 모든걸 다 잃는대도 후회하지 않아 오직 너를 위한 변하지 않는 사랑으로 나 바라는 건 오직 하나 영원한 행복을 꿈꾸지만 화려하지 않아도 꿈같진 않아도 너만 있어주면 돼 약속해 I believe 힘들 땐 I believe 너의 그늘이 되어줄게 내품에 I believe 안긴 너의 미소가 영원히 빛을 잃어 가지 않게 Cause your love is so sweet You are my everything 첫날 밤에 단 꿈에 젖어 하는 말이 아냐 난 변하지 않아 오직 너만 바라볼거야 oh You’re light of my life You are the one in my life 내 모든걸 다 잃는대도 후회하지 않아 오직 너를 위한 변하지 않는 사랑으로 You’re light of my life You are the one in my life 내 모든걸 다 잃는대도 후회하지 않아 오직 너를 위한 변하지 않는 사랑으로 All I ever want is your love,2020,3,202003
OHAYO MY NIGHT,디핵 (D-Hack) PATEKO (파테코),랩힙합,2020.06.20,너를 사랑하고 있어 너를 사랑하고 있어 자기야 날 사랑해주면 안 될까 말처럼 쉽지는 않은 걸 알지만 세게 날 안아주면 안 될까 오늘따라 세상이 무섭단 말이야 잠깐 인공호흡을 해주라 왠지 숨이 잘 안 쉬어져서 난 날 놓을 거면 과거에 놔주라 네가 있는 시간에서 죽어갈 거야 우리 그냥 결혼하면 안 될까 돈은 내가 열심히 벌 테니까 이 세상과 내가 눈감는 날 까지만 날 사랑한다 말해주라 내가 너를 사랑해도 네가 날 안 사랑해도 우린 나름대로 행복할 거야 내 방 천장에 그려 본 내 우주에게 물어본 말은 나를 사랑하면 안 될까 오사카나 오키나와의 바다 내 뮤비들을 찍었던 곳 말이야 같이 가자 약속했었잖아 그 약속이 깨질까 봐 겁이 나 WHUTUF이 결혼한다 하던 날 진짜 처음으로 걔가 부럽더라 하얀 웨딩드레스를 입은 아름다운 너와 영원을 말할 수 있을까 가족이 되어주라 내 집이 되어주라 나도 날 줄 테니 너도 널 주라 평생의 연인이야 네 말대로 말이야 그래 별과 우주잖아 날 사랑하지 않는다면 나의 사랑 반을 받아 남은 사랑의 반도 내가 채워줄 거야 꼭 내가 너를 사랑해도 네가 날 안 사랑해도 우린 나름대로 행복할 거야 내 방 천장에 그려 본 내 우주에게 물어본 말은 나를 사랑하면 안 될까 내가 너를 사랑해도 네가 날 안 사랑해도 우린 나름대로 행복할 거야 내 방 천장에 그려 본 내 우주에게 물어본 말은 나를 사랑하면 안 될까,2020,6,202006
다정히 내 이름을 부르면,경서예지 전건호,발라드,2021.05.19,끝없이 별빛이 내리던 밤 기분 좋은 바람이 두 빰을 스치고 새벽 바다 한곳을 보는 아름다운 너와 나 그림을 그려갔어 모래 위 떨린 손끝으로 날 향해 웃어주는 입술 끝 모양과 저 달보다 사랑스러운 두 눈을 가진 네가 다정히 내 이름을 부르면 내 마음이 녹아내려 언제나 나 하날 위해 준비된 선물 같아 널 안으면 잠들지 않는 바다 위를 너와 함께 걷는 거 같아 하늘 아래 너와 나 남은 내 모든 날을 너에게 다 줘도 안 아까워 이제서야 내가 사랑에 눈을 뜬 건 가봐 경험하지 못했고 믿기지 않는 일만 일어나고 있는 거 아니 5월에 피는 봄꽃 처럼 내 사랑도 피어나 부는 바람에 살며시 실어 보내 다정히 내 이름을 부르면 내 마음이 녹아내려 언제나 나 하날 위해 준비된 선물 같아 널 안으면 잠들지 않는 바다 위를 너와 함께 걷는 거 같아 하늘 아래 너와 나 설레는 지금이 꿈이 아닌 걸 알잖아 난 더 바랄 게 없어 먼 훗날 내 생애 아주 작은 소리로 귓가에 말할 거야 내 곁에 머물러줘서 마음 다해 고맙다고 어떤 말로도 표현 못 할 내 인생의 전부였다고 이 순간 너를 꼭 안고 고백할게 언제나 우리 모든 날들과 별빛 아래 우리 그림자 제일로 특별하다고 길고 긴 겨울 끝을 지나 너의 앞에 서있는 지금 선명한 목소리로 널 사랑한다고 말할게,2021,5,202105
Coin,아이유,R&BSoul,2021.03.25,강자에게 더 세게 I love gamble 과감할수록 신세계 on my table I’m sorry 세상이 원래 불공평해 So 더럽게 재미있지  Now I move I move I move I move I move Go ahead  I don’t look no look no look no look no look What’s in my hand  I said go  Baby 알잖아 내가 한 번 미치면 어디까지 가는지 마지막 게임이니만큼 후회 없는 실수를 저질러  I can’t die I’m all-in  Born to be gambler 배운 적 없지 even no tutor 최악의 패를 가지고 싹 쓸어 한 수 배우고 싶음 더 예의 있게 굴어  승리를 손에 꽉 잡아 말아 쥐어 Worth more than jewels 저리 가서 놀아줘 It’s no kids zone 매경기 살벌하게 난 목숨을 걸어 like a bullfight  Go vamos vamos vamos vamos vamos Go ahead  It’s new rule new rule new rule new rule new rule Watch your back  I said go  Baby 알잖아 내가 지금 이 판에 도대체 뭘 거는지 마지막 betting이니만큼 엉망으로 테이블을 어질러  I can’t die I’m all-in  Queen Nicely done. My bad you lose. 구걸하지 않는 눈빛 우리 game의 rule  Come on give it up. Wholly you lose. 끝내줄게 그만 여기서  I can’t die I’m all-in  (It’s my last no game no more no more)  I can’t die I’m all-in  (It’s my last no game no more no more)  I can’t die I’m all-in,2021,3,202103
Life Goes On,방탄소년단,랩힙합,2020.11.20,어느 날 세상이 멈췄어 아무런 예고도 하나 없이 봄은 기다림을 몰라서 눈치 없이 와버렸어 발자국이 지워진 거리 여기 넘어져있는 나 혼자 가네 시간이 미안해 말도 없이  오늘도 비가 내릴 것 같아 흠뻑 젖어버렸네 아직도 멈추질 않아 저 먹구름보다 빨리 달려가 그럼 될 줄 알았는데 나 겨우 사람인가 봐 몹시 아프네 세상이란 놈이 준 감기 덕분에 눌러보는 먼지 쌓인 되감기 넘어진 채 청하는 엇박자의 춤 겨울이 오면 내쉬자 더 뜨거운 숨  끝이 보이지 않아 출구가 있긴 할까 발이 떼지질 않아 않아 oh 잠시 두 눈을 감아 여기 내 손을 잡아 저 미래로 달아나자  Like an echo in the forest 하루가 돌아오겠지 아무 일도 없단 듯이 Yeah life goes on Like an arrow in the blue sky 또 하루 더 날아가지 On my pillow on my table Yeah life goes on Like this again  이 음악을 빌려 너에게 나 전할게 사람들은 말해 세상이 다 변했대 다행히도 우리 사이는 아직 여태 안 변했네  늘 하던 시작과 끝 ‘안녕’이란 말로 오늘과 내일을 또 함께 이어보자고 멈춰있지만 어둠에 숨지 마 빛은 또 떠오르니깐  끝이 보이지 않아 출구가 있긴 할까 발이 떼지질 않아 않아 oh 잠시 두 눈을 감아 여기 내 손을 잡아 저 미래로 달아나자  Like an echo in the forest 하루가 돌아오겠지 아무 일도 없단 듯이 Yeah life goes on Like an arrow in the blue sky 또 하루 더 날아가지 On my pillow on my table Yeah life goes on Like this again  I remember I remember I remember I remember,2020,11,202011
Off My Face,Justin Bieber,POP,2021.03.19,One touch and you got me stoned Higher than I've ever known You call the shots and I follow Sunrise but the night still young No words but we speak in tongues If you let me I might say too much Your touch blurred my vision It's your world and I'm just in it Even sober I'm not thinkin' straight 'Cause I'm off my face in love with you I'm out my head so into you and I don't know how you do it But I'm forever ruined by you ooh ooh ooh Can't sleep 'cause I'm way too buzzed Too late now you're in my blood I don't hate the way you keep me up Your touch blurred my vision It's your world and I'm just in it Even sober I'm not thinkin' straight 'Cause I'm off my face in love with you I'm out my head so into you and I don't know how you do it But I'm forever ruined by you ooh ooh ooh Ooh-ooh-ooh ooh ooh ooh ooh Ooh-ooh-ooh ooh ooh Ooh-ooh-ooh ooh ooh ooh ooh Ooh-ooh-ooh ooh ooh 'Cause I'm off my face in love with you I'm out my head so into you and I don't know how you do it But I'm forever ruined by you ooh ooh ooh By you ooh ooh ooh,2021,3,202103
내사람,SG 워너비,R&BSoul,2006.11.15,내 가슴속에 사는 사람 내가 그토록 아끼는 사람 너무 소중해 마음껏 안아보지도 못했던 누구에게나 흔한 행복 한 번도 준적이 없어서 맘 놓고 웃어본 적도 없는 그댈 사랑합니다 내가 기쁠 때나 슬플 때나 함께 울고 웃어주던 그댈 위해 내가 할 수 있는건 뭐든 해주고 싶어 안녕 내 사랑 그대여 이젠 내가 지켜줄게요 못난 날 믿고 참고 기다려줘서 고마워요 안녕 내 사랑 그대여 영원토록 사랑할게요 다시 태어나서 사랑한대도 그대이고 싶어요  어두운 밤길을 잃어도 서로 등불이 되어주고 비바람 몰아쳐도 지금 잡은 두 손 놓지 말아요 내가 힘들 때나 아플 때나 내 곁에 있어준 그대 미안하단 말로 고맙단 말을 대신 하던 나였죠 안녕 내 사랑 그대여 이젠 내가 지켜줄게요 못난 날 믿고 참고 기다려줘서 고마워요 안녕 내 사랑 그대여 영원토록 사랑할게요 다시 태어나서 사랑한대도 그대이고 싶어요  넘어지고 몇 번을 다시 넘어진다 해도 그대만 있다면 다시 일어날 수 있는데  < 간주  안녕 내 사랑 그대여 이젠 내가 지켜줄게요 못난 날 믿고 참고 기다려줘서 고마워요 안녕 내 사랑 그대여 이렇게 그댈 부를 때면 너무 행복해서 눈물이 나죠 사랑해요  < Ending Chorus,2006,11,200611
봄날,방탄소년단,랩힙합,2017.02.13,보고 싶다 이렇게 말하니까 더 보고 싶다 너희 사진을 보고 있어도 보고 싶다 너무 야속한 시간 나는 우리가 밉다 이젠 얼굴 한번 보는 것 조차 힘들어진 우리가 여긴 온통 겨울 뿐이야 8월에도 겨울이 와 마음은 시간을 달려가네 홀로 남은 설국열차 니 손 잡고 지구 반대편까지 가 겨울을 끝내고파 그리움들이 얼마나 눈처럼 내려야 그 봄날이 올까 Friend 허공을 떠도는 작은 먼지처럼 작은 먼지처럼 날리는 눈이 나라면 조금 더 빨리 네게 닿을 수 있을 텐데 눈꽃이 떨어져요 또 조금씩 멀어져요 보고 싶다 보고 싶다 보고 싶다 보고 싶다 얼마나 기다려야 또 몇 밤을 더 새워야 널 보게 될까 널 보게 될까 만나게 될까 만나게 될까 추운 겨울 끝을 지나 다시 봄날이 올 때까지 꽃 피울 때까지 그곳에 좀 더 머물러줘 머물러줘 니가 변한 건지 니가 변한 건지 아니면 내가 변한 건지 내가 변한 건지 이 순간 흐르는 시간조차 미워 우리가 변한 거지 뭐 모두가 그런 거지 뭐 그래 밉다 니가 넌 떠났지만 단 하루도 너를 잊은 적이 없었지 난 솔직히 보고 싶은데 이만 너를 지울게 그게 널 원망하기보단 덜 아프니까 시린 널 불어내 본다 연기처럼 하얀 연기처럼 말로는 지운다 해도 사실 난 아직 널 보내지 못하는데 눈꽃이 떨어져요 또 조금씩 멀어져요 보고 싶다 보고 싶다 보고 싶다 보고 싶다 얼마나 기다려야 또 몇 밤을 더 새워야 널 보게 될까 널 보게 될까 만나게 될까 만나게 될까 You know it all You're my best friend 아침은 다시 올 거야 어떤 어둠도 어떤 계절도 영원할 순 없으니까 벚꽃이 피나봐요 이 겨울도 끝이 나요 보고 싶다 보고 싶다 보고 싶다 보고 싶다 조금만 기다리면 며칠 밤만 더 새우면 만나러 갈게 만나러 갈게 데리러 갈게 데리러 갈게 추운 겨울 끝을 지나 다시 봄날이 올 때까지 꽃 피울 때까지 그곳에 좀 더 머물러줘 머물러줘,2017,2,201702
어푸 (Ah puh),아이유,댄스,2021.03.25,I’m such a good surfer 가라앉지 않기 비틀 비 비틀 거리다가 풍덩 uh 빠지더라도 구명복 따윈 졸업  I’m such a good surfer 휩쓸리지 않기 울렁 우 울렁 거리다가 throw up 게워내더라도 지는 건 난 못 참아  제일 높은 파도 올라타타 라차차우아 해일과 함께 사라질 타이밍 그건 내가 골라 무슨 소리 겁이 나기는 재밌지 뭐  어어어 푸푸푸 또 허허허 우우우적 거거거 리더던 시 저저절 나라면 워어언 이 사람아 언제적 얘길 꺼내나 보란듯이 헤엄치기 처첨버벙  저저적 셔셔셔 또 저저적 셔셔셔 거거겁 없이 몸을 더더던 져져져 워어언 이 사람아 뭘 그렇게나 놀래나 더 재밌는 걸 보여줄게 When the wave has come  I’m a bubble maker 잔잔한 바다를 지긋 지 지긋 괴롭히는 villain uh 나이를 먹어도 이 버릇 남 못 줘 난  I’m a bubble maker 이제 이쯤이야 출렁 추 출렁 멀미도 suck it up 물 먹이더라도 이곳을 난 못 떠나  제일 높은 파도 올라타타 라차차우아 너울과 함께 부서질 타이밍 그건 내가 골라 무슨 소리 겁이 나기는 재밌지 뭐  어어어 푸푸푸 또 허허허 우우우적 거거거 리더던 시 저저절 나라면 워어언 이 사람아 언제적 얘길 꺼내나 맨몸으로 헤엄치기 처첨버벙  어 또 보네 다음에 다시 만날 때까지 부디 행운을 빌어 지겹게 보자고  슬 가볼게 나 먼저 저기 물마루에 원 이 사람 참 뭘 그렇게나 놀래나 더 재밌는 걸 보여줄게 When the wave has come  저저적 셔셔셔 또 저저적 셔셔셔 거거겁 없이 몸을 더더던 져져져 워어언 이 사람아 뭘 그렇게나 보채나 거품처럼 사라질게 When the time has come,2021,3,202103
VVS (Feat. JUSTHIS) (Prod. GroovyRoom),미란이 (Mirani) 먼치맨(MUNCHMAN) Khundi Panda 머쉬베놈 (MUSHVENOM),랩힙합,2020.11.21,보여줘야겠어 내가 망할 거랬던 놈들에게도 내가 잘될 거라 했던 너에게도 다 할게 최선 갈아끼워 다 새 거 My life's shining like a VVS VVS 내 삶은 빛나 VVS VVS 보란 듯 나와 TV에 Now you see me babe 내 삶은 빛나 VVS VVS Skrt-skrt Hey new water new vv 난 알바 째고 무대 위 Yeah go get it go get it 가사 위 가난이 빛나지 안 가 무한리필 살아봐야겠어 내 빌딩 Yeah 개 같던 세상의 뒤통수 치러 왔지 더 크게 Callin’ ma name 모두 날 보고 놀래 미란이가 TV에 떼버려 Tag 사 새롭게 Yeah yeah 타고 비행 Skrr skrr 난 올라가 Skrr skrr 난 빛이 나 내가 뭐라 했어 Mom 꺼내겠다고 포차 맨 밑바닥의 소녀 엄마의 술병이 날 만들어 허기져 이를 꽉 물어 Chit chat bout me 덤벼 겁쟁이 너 VVS on ma neck 꿈 앞에 녹슨 팔찌 버려 문 앞에 구제 벨트 아직 허리에 원망하던 과거와 춤출래 인디고 카니발 Skrt-skrt 목숨은 다 꺼내놓고 자판기 밑 먼지 덕지덕지 붙은 동전까지 털어-털어 여기까지 왔지 What you know about me 내 속 이야기 털어놓으려 지갑 털어 차린 술상 위 넌 폰만 바라봤잖아 이제 그 스크린에서 날 봐라 I'ma 먹고서 Fly 너가 나갈 건 삔또지 악플들이 돈과 함께 쏟아지니 Got a nice ring to it 꼬우면 네 오빠인지 아저씨인지한테 일러바치고 한 판 더 뜨자 해 빛이 나는 Solo라니까 뭘 그렇게 재니 다 드루와 내 패기 170에 60kg도 안 되지만 국보 1호 MC The Q's certified new king in the rap 내가 TV에 쬐끔 나왔다고 연예인 된 줄 알았다는 이미 넌 패 Bigger stacks bigger schemes Do bigger thang G+Jus like this team I'm blessed 모든 게 끝나고 홍대로 돌아가도 모든 건 변함없겠지 Like this VVS 보여줘야겠어 내가 망할 거랬던 놈들에게도 내가 잘될 거라 했던 너에게도 다 할게 최선 갈아끼워 다 새 거 My life's shining like a VVS VVS 내 삶은 빛나 VVS VVS 보란 듯 나와 TV에 Now you see me babe 내 삶은 빛나 VVS VVS Skrt-skrt Ay 먼치맨 복근에 장착된 VVS 내 행동 위험해 걸리지 심의에 자체 발광 계속해 실시해 날 보고 배워요 EBS 흔들릴 바엔 다 흔들어 흘려온 땀이 내 Career 명품이 없어도 고개를 쳐들어 Keep my head up Keep your head up 걱정도 했었지 DAY N NIGHT 싸워서 만드는 내일의 나 MBA 11명 매일이 Party 난 역시나 함께일 때가 빛나 Imma good vibe GV처럼 춤춰 GOOD BYE 내 사랑아 잘 가 웃자 형은 미련 안 키워 OK 이제 난 노래나 불러 전방에 1분간 함성을 발사 기 모아 발포해 내 에너지파 수직상승 올라가 내 텐션 도레미파 먼치맨 YO YO I AIN't got no lie 이제 빛난대 주변에서 TRUE 어쩌면 너가 응원해서 근데 네 말대로 모두 특별하니까 라면 특별히 뭐가 특별해 더 묻고파도 바뀌었지 마치 내 작업실 앞 거리 짧던 이 사정거리 가사가 다 퍼진 광역시 또 걔가 부럽다는 팔로잉 NOW YOU SEE 삐까번쩍 빛나 벌써 이 밤처럼 시간 없어 바쁜 삶 일단 먼저 필사적으로 덤벼 던져 기회는 한순간 잡았다면 밝게 빛나 그 어떤 래퍼의 목걸이보다도 그 HEARTBEAT 진실의 파동 넌 곧 못 볼 거니 좀 봐둬 내 손목은 비었지만 그건 실은 의도적이야 천리안 없이 난 멀리 봐 머리와 멋진 Rhyme 시급으로 따지면 아마도 천만 원이야 힉 야 못 돌아가 시야가 넓어서 날 부정하려면 너 보여봐라 지금 내가 네게 보여준 것처럼 보여줘야겠어 내가 망할 거랬던 놈들에게도 내가 잘될 거라 했던 너에게도 다 할게 최선 갈아끼워 다 새 거 My life's shining like a VVS VVS 내 삶은 빛나 VVS VVS 보란 듯 나와 TV에 Now you see me babe 내 삶은 빛나 VVS VVS Skrt-skrt 역시 성공은 고난을 동반 말없이 등산을 등반하는 것처럼 I gotta move 하늘에 계신 할매 보고 있습니까 조금 늦었습니다 저 뱀들을 물리치느라 이겨내거라 내일이 없는 듯이 아버지 권투선수 인생 한방이니깐 필요하다 한방이 알겠슴돠 동네의 육상선수 나의 어머니 론다로우지 장애물 따윈 없는 듯이 달려라 태민 You gotta move Let’s go let’s go 멜로디 없던 내 인생 아침 해 다시 꼬기오 술 팔아 쪽 팔아 벌었던 돈 하루 사는 하루살이의 콧노래 후룰룰루 훈화말씀 새 나라의 어린이 아니 뭐 그런 흔한 말씀을 또 Let’s go 요것 좀 봐라 라고 하는 선생 그거 좀 마라 이 멋 좀 봐라 야 걱정하지마 머쉬베놈 월이백에서 이천으로 넌 떠나 서울 to 경기 이천으로 넌 찍어라 브이로그 옜다 저스디스 톤으로 My life's shining like a VVS VVS 내 삶은 빛나 VVS VVS 보란 듯 나와 TV에 Now you see me babe 내 삶은 빛나 VVS VVS Skrt-skrt 왔노라 봤노라 결국 이겨냈노라,2020,11,202011
On The Ground,로제 (ROSÉ),록메탈,2021.03.12,My life's been magic seems fantastic I used to have a hole in the wall with a mattress It’s funny when you want it Suddenly you have it You find out that your gold’s just plastic  Every day every night I’ve been thinking back on you and I Every day every night  I worked my whole life Just to get right just to be like Look at me I’m never coming down  I worked my whole life Just to get high just to realize Everything I need is on the Everything I need is on the ground On the ground Everything I need is on the ground  Nah but they don’t hear me though (Yeah what goes up it must come down) Nah but they don’t hear me though (You’re running out of time)  My world’s been hectic seems electric But I’ve been waking up with your voice in my head And I’m trying to send a message And let you know that every single minute I’m without you I regret it  Every day every night I ’ve been thinking back on you and I Every day every night  I worked my whole life Just to get right just to be like Look at me I’m never coming down  I worked my whole life Just to get high just to realize Everything I need is on the Everything I need is on the ground On the ground Everything I need is on the ground  Nah but they don’t hear me though (Yeah what goes up it must come down) Nah but they don’t hear me though (You’re running out of time)  I’m way up in the clouds And they say I’ve made it now But I figured it out Everything I need is on the ground  Just drove by your house So far from you now But I figured it out Everything I need is on the Everything I need is on the ground  On the ground Everything I need is on the ground Nah but they don’t hear me though On the ground Nah but they don’t hear me though Everything I need is on the ground,2021,3,202103
2002,Anne-Marie,POP,2018.08.03,I will always remember The day you kissed my lips Light as a feather And it went just like this No it's never been better Than the summer of 2002 We were only eleven But acting like grown-ups Like we are in the present Drinking from plastic cups Singing love is forever and ever Well I guess that was true Dancing on the hood in the middle of the woods On an old Mustang where we sang Songs with all our childhood friends And it went like this say Oops I got 99 problems singing bye bye bye Hold up if you wanna go and take a ride with me Better hit me baby one more time Paint a picture for you and me On the days when we were young Singing at the top of both our lungs Now we're under the covers Fast forward to eighteen We are more than lovers Yeah we are all we need When we're holding each other I'm taken back to 2002 Dancing on the hood in the middle of the woods On an old Mustang where we sang Songs with all our childhood friends And it went like this say Oops I got 99 problems singing bye bye bye Hold up if you wanna go and take a ride with me Better hit me baby one more time Paint a picture for you and me On the days when we were young Singing at the top of both our lungs On the day we fell in love On the day we fell in love Dancing on the hood in the middle of the woods On an old Mustang where we sang Songs with all our childhoods friends Oh now Oops I got 99 problems singing bye bye bye Hold up if you wanna go and take a ride with me Better hit me baby one more time Paint a picture for you and me On the days when we were young Singing at the top of both our lungs On the day we fell in love On the day we fell in love On the day we fell in love On the day we fell in love On the day we fell in love love love,2018,8,201808
가을 우체국 앞에서,김대명,발라드 국내드라마,2021.06.25,가을 우체국 앞에서 그대를 기다리다 노오란 은행잎들이 바람에 날려가고 지나는 사람들 같이 저 멀리 가는걸 보내 세상에 아름다운 것들이 얼마나 오래 남을까 한여름 소나기 쏟아져도 굳세게 버틴 꽃들과 지난 겨울 눈보라에도 우뚝 서있는 나무들같이 하늘아래 모든 것이 저 홀로 설 수 있을까 가을 우체국 앞에서 그대를 기다리다 우연한 생각에 빠져 날 저물도록 몰랐네 세상에 아름다운 것들이 얼마나 오래 남을까 한여름 소나기 쏟아져도 굳세게 버틴 꽃들과 지난 겨울 눈보라에도 우뚝 서있는 나무들같이 하늘아래 모든 것이 저 홀로 설 수 있을까 가을 우체국 앞에서 그대를 기다리다 우연한 생각에 빠져 날 저물도록 몰랐네 날 저물도록 몰랐네,2021,6,202106
그날에 나는 맘이 편했을까,이예준,발라드,2020.12.03,늘 똑같은 일로 싸우다 지친 우리 끝날 때 됐나 봐 너답지 않던 모습 더는 지켜보기 힘들었어 다시 주워 담기 힘든 말들 쏟아내고 집에 돌아왔어 그날에 나는 맘이 편했을까 다신 안 보겠단 각오로 니가 못한 숙제 한 거잖아 나는 사랑이 필요해 이만큼 아프면 충분해 니가 핀 담배만큼 난 울었어 니가 가장 듣기 싫어했던 얘기들만 뱉어내고 왔어 그날에 나는 맘이 편했을까 다신 안 보겠단 각오로 니가 못한 숙제 한 거잖아 나는 사랑이 필요해 이만큼 아프면 충분해 니가 핀 담배만큼 난 울었어 상처받았다고 말하지 말아줘 나를 더욱더 사랑해줬더라면 아니 처음부터 만나지 말았다면 행복했을까 정말 널 미워해서 이랬을까 이렇게까지 해서라도 우릴 되돌리고 싶었는데 나를 떠나는 이유가 너는 필요했던 거니까 내가 그 이유를 만들어줄게 미안한 마음들 갖지 않도록,2020,12,202012
METEOR,창모 (CHANGMO),랩힙합,2019.11.29,Yeah ha Yeah ha Yeah ha Yeah ha Yeah ha Yeah ha Yeah ha Yeah ha Yeah ha Yeah ha Yeah ha Yeah ha 모두 그에게 말해 또 왔네 새꺄 whut 죽지 않고 왔다 이렇게 새꺄 뭐 Snacky chan의 라인을 빌릴래 했어 예수처럼 이렇게 부활을 031 팔 안쪽의 tatt freaky woah 어젠 시장님이 만나쟤 motown 어수룩해 엄마 속에 걱정 한 톤만큼 쌓고 스물한살에 독립했던 얘는 여섯이 되었고 발견했지 우연히 5년 전의 노트 정말 스타 되고 싶어 그럴려면 가서 만나면 돼 악마 노트를 덮고 거울에 비춰진 남자를 보니 와 저 손목이 너무 부러워 저 금 daydate rollie 넘을걸 천백은 더 전국 사람들이 외치네 저 괴물체는 뭘까 Meteor 거대 Meteor 난 네게 처박힐 Meteor야 별빛이 내려오지 마구 내려오지 경고 경고 그래도 처박힐 Meteor야 motown의 1번 노랠 기억해 니들 뭐였지 뭐였나 음 음 i’m the man in the mirror 그러니 light me up 1절의 그 별이 2절의 그 별이 그래 모두 나였지 실화가 된 동화이지 힘들 때면 홀로 쓴 노래를 불러 환상들을 보던 성냥팔이 소년이였던 나날들이 365 24 730 24에 7 1095 아 그만 세자 1400이 되니 oh 그 애랑도 하고 돔페리뇽이 만든 숙취 땜에 넋을 놓은 나를 향해 몇천 명이 와 해 본 적은 없지만 때론 어떤 존재가 내 인생을 왔다 간 듯해 그냥 그런 느낌이 들지 상관없어 환상이던 현실이던지 hands up high 전국 사람들이 외치네 저 괴물체는 뭘까 Meteor 거대 Meteor 난 네게 처박힐 Meteor야 별빛이 내려오지 마구 내려오지 경고 경고 그래도 처박힐 Meteor야 영 영 영원히 약속해 영원하기로 어둠 가득한 저 뒤로 돌려보내지 말아요 제발 제발 영 영 영원히 난 영원할 거라 믿어 흥분으로 가득차 이 도시에 나 외칠 꺼야 드디어 내가 여 왔다,2019,11,201911
좋아좋아,조정석,발라드 국내드라마,2021.07.16,처음 널 만나는 날 노란 세 송이 장미를 들고 룰루랄라 신촌을 향하는 내 가슴은 마냥 두근두근 생머리 휘날리며 나를 향해 손을 흔드는 너 머리에서 발 끝까지 나를 사로잡네 이야에로 니가 좋아 너무 좋아 내 모든걸 주고 싶어 너에게만은 내 마음 난 꾸미고 싶지 않아 언제까지 너와 함께 있을 거야 예 룰루랄라 신촌을 누비는 내 마음은 마냥 이야에로 여보세요 나의 천사 어떻게 내 마음을 훔쳤나요 괜찮아요 나의 천사 가져간 내 마음을 고이 간직해줘요 니가 좋아 너무 좋아 내 모든걸 주고 싶어 너에게만은 내 마음 난 꾸미고 싶지 않아 니가 좋아 너무 좋아 내 모든걸 주고 싶어 너에게만은 내 마음 난 꾸미고 싶지 않아 언제까지 너와 함께 있을 거야 음,2021,7,202107
12:45 (Stripped),Etham,POP,2018.10.26,It's 12 45 on a Tuesday and I don't really care what you say I'm just getting off my face tonight Cause I'm just tryna live till the weekend And I don't know how I'm supposed to breathe when Everything you say is playing on my mind You don't know where I've been And you don't know what I'm drinking I need a moment to think about nothing at all Oh baby you gotta stop I see that you're calling I told you that I ain't picking up I know that you wanna start Cause we got our problems I love you but I just need a night off It's getting pretty deep in the A.M. And I should go home but I'm staying I'll be sleeping on the cold floor tonight I hope you'll understand in the morning oh That this is just my problem that I'm solving Yeah I got a lot of stuff on my mind I don't know where I've been And what the hell am I drinking And I can't help but to think yeah it's all my fault Oh baby you gotta stop I see that you're calling I told you that I ain't picking up I know that you wanna start Cause we got our problems I love you but I just need a night off Oh one night Just one night off Oh baby you gotta stop I see that you're calling I told you that I ain't picking up I know that you wanna start Cause we got our problems I love you but I just need a night off Just one night off I love you but I just need tonight off It's 12 45 on a Tuesday I don't really care what you say I'm just getting off my face tonight,2018,10,201810
흔들리는 꽃들 속에서 네 샴푸향이 느껴진거야,장범준,록메탈 국내드라마,2019.08.23,흔들리는 꽃들 속에서 네 샴푸향이 느껴진거야 스쳐지나간건가 뒤돌아보지만 그냥 사람들만 보이는거야 다와가는 집근처에서 괜히 핸드폰만 만지는거야 한번 연락해 볼까 용기내 보지만 그냥 내 마음만 아쉬운 거야 걷다가 보면 항상 이렇게 너를 바라만 보던 너를 기다린다고 말할까 지금 집앞에 계속 이렇게 너를 아쉬워 하다 너를 연락했다 할까 지나치는 꽃들 속에서 네 샴푸향만 보이는거야 스쳐지나간건가 뒤 돌아보지만 그냥 내 마음만 바빠진거야 걷다가 보면 항상 이렇게 너를 바라만 보던 너를 기다린다고 말할까 지금 집앞에 계속 이렇게 너를 아쉬워 하다 너를 연락했다 할까 어떤 계절이 너를 우연히라도 너를 마주치게 할까 난 이대로 아쉬워하다 너를 바라만 보던 너를 기다리면서 아무말 못하고 그리워만 할까 걷다가 보면 항상 이렇게 너를 바라만 보던 너를 생각한다고 말할까 지금 집앞에 기다리고 때론 지나치고 다시 기다리는 꽃이 피는 거리에 보고파라 이밤에 걷다가 보면 항상 이렇게 너를 아쉬워 하다 너를 기다린다고 말할까 지금 집앞에 계속 이렇게 너를 아쉬워 하다 너를 연락했다 할까,2019,8,201908
나랑 같이 걸을래 (바른연애 길잡이 X 적재),적재,발라드 인디음악,2020.10.23,가을밤이 찾아와 그대를 비추고 또 나를 감싸네 눈을 감을 때마다 향기로운 네 맘이 내게 전해지네 너는 무슨 생각해 나란히 누워서 저 별을 바라볼 때면 나와 같은 마음인지는 몰라도 너와 함께 있는 이 순간이 난 소중해 나랑 같이 걸을래 혹시 내일은 뭐해 네가 부담되지 않는 날에 산책이라도 할래 그냥 날이 좋길래 너와 걷고 싶어져서 내일 많이 바쁘지 않으면 혹시 나랑 같이 걸을래 많이 어색한가 봐 자꾸 딴 델 보고 널 닮은 별만 바라봐 싱그럽게 불어오는 바람에 너와 함께 있는 이 순간이 난 소중해 나랑 같이 걸을래 혹시 내일은 뭐해 네가 부담되지 않는 날에 산책이라도 할래 그냥 날이 좋길래 너와 걷고 싶어져서 내일 많이 바쁘지 않으면 혹시 나랑 같이 걸을래 힘들어 보일 땐 내가 더 아파오고 속상한 마음만 커져 내가 곁에 있을게 항상 너의 편이 되어줄게 저 하늘의 별처럼 나랑 같이 걸을래 혹시 내일은 뭐해 네가 부담되지 않는 날에 산책이라도 할래 그냥 날이 좋길래 너와 걷고 싶어져서 내일 많이 바쁘지 않으면 혹시 나랑 같이 걸을래,2020,10,202010
모든 날 모든 순간 (Every day Every Moment),폴킴,발라드 국내드라마,2018.03.20,네가 없이 웃을 수 있을까 생각만 해도 눈물이나 힘든 시간 날 지켜준 사람 이제는 내가 그댈 지킬 테니 너의 품은 항상 따뜻했어 고단했던 나의 하루에 유일한 휴식처 나는 너 하나로 충분해 긴 말 안 해도 눈빛으로 다 아니깐 한 송이의 꽃이 피고 지는 모든 날 모든 순간 함께해 햇살처럼 빛나고 있었지 나를 보는 네 눈빛은 꿈이라고 해도 좋을 만큼 그 모든 순간은 눈부셨다 불안했던 나의 고된 삶에 한줄기 빛처럼 다가와 날 웃게 해준 너 나는 너 하나로 충분해 긴 말 안 해도 눈빛으로 다 아니깐 한 송이의 꽃이 피고 지는 모든 날 모든 순간 함께해 알 수 없는 미래지만 네 품속에 있는 지금 순간 순간이 영원 했으면 해 갈게 바람이 좋은 날에 햇살 눈부신 어떤 날에 너에게로 처음 내게 왔던 그날처럼 모든 날 모든 순간 함께해,2018,3,201803
허리춤,오반 (OVAN),랩힙합 인디음악,2021.06.21,baby we can head it to yeah 어디든 오른 손은 춤을 춰 네 허리 춤 뛰어들어 둘만의 Party pool what i gotta do what you gonna do baby we can head it to yeah 어디든 오른 손은 춤을 춰 네 허리 춤 뛰어들어 둘만의 Party pool what i gotta do what you gonna do 살다 보니까 해외 한 번 간적이 없네 코로나는 또 예상 조차 못해 제주도는 어떻고 서울이면 또 어때 어차피 이제 내 사랑이 나의 옆에 우리 사랑이 2년전 다시 돌아오게 해달라 빌었어 I Can't beileve 당시에 멍청이었던 내가 널 만나 이만큼이나 바뀌었어 하나님께 무한감사 내 삶은 너 없인 안 돌아가 더 이상의 헤어짐은 시간낭비야 세상 등지고 도망가자 여기도 OH 저기도 모두 beutiful 우리뿐이여서 we can run it up we can turn it up baby i can show you love yeah 그럼 Show me love baby baby we can head it to yeah 어디든 오른손은 춤을 춰 네 허리 춤 뛰어들어 둘만의 Party pool what i gotta do what you gonna do baby we can head it to yeah 어디든 오른 손은 춤을 춰 네 허리 춤 뛰어들어 둘만의 Party pool what i gotta do what you gonna do 신림에서부터 청라 오직 너를 위해서 택시를 탔던 월급 120 스무살의 꼬마 이제 제네시스 순식간에 바뀌어 Tell me what it feels 내게 말해 So nice 너는 말했지 안그래도 좋아 네가 있어서 내가 어른이 됐어 여기 멈춰서 이제 얼음이 돼줘 I can write it for my days 난 노랠 쓸 수 밖에 없지 넌 나의 신부가 돼 줄래 Oh yeah I am yours 네 눈 앞에 맘껏 꼬집어도 돼 영원한 약속이 돼 줄게 baby we can head it to yeah 어디든 오른손은 춤을 춰 네 허리 춤 뛰어들어 둘만의 Party pool what i gotta do what you gonna do baby we can head it to yeah 어디든 오른 손은 춤을 춰 네 허리 춤 뛰어들어 둘만의 Party pool what i gotta do what you gonna do 난 지금 어렸을 때처럼 너와 춤을 출래 내 손이 허리 춤에 스물에 능글맞았던 우린 다섯이 돼 너만 기다렸지 매일 baby we can head it to yeah 어디든 오른손은 춤을 춰 네 허리 춤 뛰어들어 둘만의 Party pool what i gotta do what you gonna do baby we can head it to yeah 어디든 오른 손은 춤을 춰 네 허리 춤 뛰어들어 둘만의 Party pool what i gotta do what you gonna do,2021,6,202106
러브(Prod.로코베리),로꼬 이성경,랩힙합,2021.07.04,I love u 하루 종일 너만 떠올라 별이 뜨는 것처럼 넌 나를 빛나게 해 영원히 내 곁에 있어줘 I love u 멍 하니 있는 게 이젠 의미 있는 일이 됐지 누워있는 자리 걸어가는 공간이 넓어졌으니까 선택의 순간 더 이상 혼자가 아니기에 떠올리지 우리만 아쉬운 good night 하지만 눈을 감아 보면 두 개의 꿈을 꾸니까 자꾸 서두르게 돼 가만있질 못해 아무렇지 않게 내 손 잡아 줄 때 차분해진 음악과 우리 둘만 남아서 굳이 힘을 주지 않아도 널 끌어안아져 두 볼을 맞대는 습관 우리만 아는 단어들과 여전히 두 손엔 소이라떼 소중하게 쥐고 너를 보러 갈게 cause I love u 하루 종일 너만 떠올라 별이 뜨는 것처럼 넌 나를 빛나게 해 영원히 내 곁에 있어줘 I love u 멈추고 싶지 않아 우린 정하지 말자 처음과 끝 어디쯤보다는 항상 겁이 나지 않아 확신은 처음 같아 왜 진지해질까 자꾸만 하얀색의 heart 녹색이 되고 파란색의 널 가까이에서 해 뜨고 지고 눈 뜨고 감기 전까지 안아줄게 그리곤 말해 매일 같이 매일 같이 I love you I love u 하루 종일 너만 떠올라 별이 뜨는 것처럼 넌 나를 빛나게 해 영원히 내 곁에 있어줘 I love u 처음 널 본 순간부터 사랑에 난 빠졌을까 기억은 나지 않지만 우리만의 사랑의 언어들이 춤을 추고 있었나 봐 너의 밤 너의 온도 사라지지 않는 너에 대한 모든 순간들 날 이렇게 웃게 해 너를 사랑한단 뜻이야 I need you 하얀색의 heart 녹색이 되고 파란색의 널 가까이에서 해 뜨고 지고 눈 뜨고 감기 전까지 안아줄게 그리곤 말해 매일 하얀색의 heart 녹색이 되고 파란색의 널 가까이에서 해 뜨고 지고 눈 뜨고 감기 전까지 안아줄게 그리곤 말해 매일 같이 I,2021,7,202107
어떻게 지내 (Prod. By VAN.C),오반 (OVAN),랩힙합 인디음악,2020.03.05,어떻게 지내 식상한 말이 내 가사가 될 줄 몰랐어 얼마 안됐네 지나온 날이 다 알아도 그립더라고 i still need you i need you i still need you i need you 시간이 필요했어 우린 정말 사랑했지만 가살 쓰는 법도 잊어버리게 됐지 난 넌 헤어지면 우리 노랠 제발 내지 말아 달라 했지만 못 들어줘 미안 나는 하루 종일 누워 있었어 불면이 심해져서 안 피곤한 날이 없어 가끔은 문 밖에서 누가 문을 두드려 그건 환상인데도 나는 두려워 다시 눈 뜨면 니가 있을까 그럼 무서운 표정을 지을까 아니면 어떤 대화를 나누고 싶어질 수도 있어 그때처럼 대체 왜 보고싶지 남겨진 상처 대신 남은 건 혼자 돼버린 역시 너와 나겠지 난 아직 낯설기만 해 넌 어때 더 지독해 지기 전에 잊어볼게 어떻게 지내 식상한 말이 내 가사가 될 줄 몰랐어 얼마 안됐네 지나온 날이 다 알아도 그립더라고 i still need you i need you i still need you i need you 월요일에 병원을 예약했어 너 없이 사는게 힘들었나봐 하루도 빼지 않고 사람을 만나 너도 알겠지만 오봉이도 데려 왔어 너무 그리워하지 않더라 예범이는 난 약을 먹었지만 아닐거야 별일은 자전거를 타고 어디론가 가려하면 다 너와 간 곳 뿐인게 좀 그럴 뿐야 여기저기에 핑계를 대 불면증 습관이 돼 너가 아닌 사람에게 널 원하고 흉터가 된 상처는 더 이상 아프지가 않잖아 그래서 널 그리나봐 이젠 눈물이 나와 널 다치게 하지 않을 순 없었을까 만약 나 때문이었다면 다 나 때문이면 어떻게 지내 식상한 말이 내 가사가 될 줄 몰랐어 얼마 안됐네 지나온 날이 다 알아도 그립더라고 i still need you i need you i still need you i need you 널 이렇게 망가지게 한 게 나인 건 아닐까 내가 이렇게 망가지다니 대체 왜 병원에 다닐까 널 이렇게 망가지게 한 게 나인 건 아닐까 내가 이렇게 망가지다니 대체 왜 병원에 다닐까,2020,3,202003
오래된 노래,스탠딩 에그,인디음악 포크블루스,2012.09.04,오래 전에 함께 듣던 노래가 발걸음을 다시 멈춰서게 해 이 거리에서 너를 느낄 수 있어 널 이 곳에서 꼭 다시 만날 것 같아 너 일까봐 한번더 바라보고 너 일까봐 자꾸 돌아보게 돼 어디선가 같은 노래를 듣고 날 생각하며 너 역시 멈춰있을까 오래 전에 함께 듣던 노래가 거리에서 내게 우연히 들려온 것처럼 살아가다 한번쯤 우연히 만날 것 같아 사랑했던 그 모습 그대로 내 사랑이 그대로인 것처럼 발걸음이 여길 찾는 것처럼 꼭 만날꺼야 지금 이 노래처럼 날 사랑하는 네 맘도 같을테니까 오래 전에 함께 듣던 노래가 거리에서 내게 우연히 들려온 것처럼 살아가다 한번쯤 우연히 만날 것 같아 사랑했던 그 모습 그대로 운명처럼 아니면 우연처럼 우리가 다시 예전처럼 만날 수 있다면 너에게 나 해주고 싶은 말이 하나 있어 널 다시는 놓치지 않을게 오래 전에 함께 듣던 노래가 거리에서 내게 우연히 들려온 것처럼 살아가다 한번쯤 우연히 만날 것 같아 사랑했던 그 모습 그대로,2012,9,201209
너의 번호를 누르고 (Prod. 영화처럼),#안녕,발라드 인디음악,2019.11.30,우연히 너를 만나서 너의 옆자리에 앉아 그렇게 우린 친해졌어 짧은 시간에 그렇게 가까워질 수 있다는게 그게 참 신기했어 소소한 일상부터 어린 시절 얘기 까지도 그리 똑같진 않아도 말이 참 잘 통해서 더 짧았던 거야 너의 번호를 누르고 설레임을 가득 채우다 너의 번호를 지우며 좋았던 시간을 덜어내 그때 난 왜 몰랐을까 이뤄질 수 없는 짧은 시간속의 우린 여기 까지인 가봐 어쩌다 먼 훗날에 그때 우리 약속 기억 날까 아쉬움만 가득했던 그때 난 왜 그랬을까 너의 번호를 누르고 설레임을 가득 채우다 너의 번호를 지우며 좋았던 시간을 덜어내 그때 난 왜 몰랐을까 이뤄질 수 없는 짧은 시간속의 우린 여기까지인 가봐 아무일 없이 살다보면 모두 잊혀질거라 또 맘을 속이고 달래도 자꾸만 그 때 니가 생각나 또 너를 부르게 돼 너의 번호를 누르고 설레임을 가득 채우다 너의 번호를 지우며 좋았던 시간을 덜어내 그때 난 왜 몰랐을까 이뤄질 수 없는 짧은 시간속의 스쳐가버린 그 때 그 시절 속의 우린 여기까지인 가봐,2019,11,201911
Memories,Maroon 5,POP,2019.09.20,Here's to the ones that we got Cheers to the wish you were here but you're not 'Cause the drinks bring back all the memories of everything we've been through Toast to the ones here today Toast to the ones that we lost on the way 'Cause the drinks bring back all the memories And the memories bring back memories bring back you There's a time that I remember when I did not know no pain When I believed in forever and everything would stay the same Now my heart feel like December when somebody say your name 'Cause I can't reach out to call you but I know I will one day ay Everybody hurts sometimes everybody hurts someday ay-ay Everything gon' be alright go and raise a glass and say hey Here's to the ones that we got Cheers to the wish you were here but you're not 'Cause the drinks bring back all the memories of everything we've been through Toast to the ones here today Toast to the ones that we lost on the way Cause the drinks bring back all the memories And the memories bring back memories bring back you Doo-doo doo-doo-doo-doo Doo-doo-doo-doo doo-doo-doo-doo Doo-doo-doo-doo doo-doo-doo Memories bring back memories bring back you There's a time that I remember when I never felt so lost When I felt all of the hatred was too powerful to stop Ooh yeah Now my heart feel like an ember and it's lighting up the dark I'll carry these torches for ya That you know I'll never drop yeah Everybody hurts sometimes everybody hurts someday ay-ay Everything gon' be alright go and raise a glass and say hey Here's to the ones that we got Ohh Cheers to the wish you were here but you're not 'Cause the drinks bring back all the memories of everything we've been through No no Toast to the ones here today Ay Toast to the ones that we lost on the way 'Cause the drinks bring back all the memories ay And the memories bring back memories bring back you Doo-doo doo-doo-doo-doo Doo-doo-doo-doo doo-doo-doo-doo Doo-doo-doo-doo doo-doo-doo Memories bring back memories bring back you Doo-doo doo-doo-doo-doo Doo-doo-doo-doo doo-doo-doo-doo Doo-doo-doo-doo doo-doo-doo Ooh yeah Memories bring back memories bring back you Yeah yeah yeah Mmm yeah yeah no Memories bring back memories bring back you,2019,9,201909
살짝 설렜어 (Nonstop),오마이걸 (OH MY GIRL),댄스,2020.04.27,going nonstop 말도 안 되잖아 그치 yayayaya 우린 서로가 모르는 게 없는 사인 걸 이토록 빤히 nanananana like nanananana 우리 사이 비밀 따위 있을 리 없는 걸 다 봤지 우린 hi hi weak body like them burning and burn but 쉿 요즘 오늘 또 내일 매일 다른 아는 옷 이렇게 달라 보인다고 hoo 흑역사까지 전부 알고 있는 널 yeah 절대 그럴 리는 없어 난 never ever 그래야만 해 무인도에 어느 날 떨어진 거야 둘만 남게 됐다면 넌 어떨 것 같아 생각만 해도 무섭다 얼굴을 찌푸렸지만 너에겐 얘기 못 해 절대로 살짝 설렜어 난 oh nanananana 살짝 설렜어 난 oh nanananana 그럴 일 없지만 살짝 설렜어 난 nonstop nonstop nonstop nonstop nonstop 그럴 일 없지만 살짝 설렜어 난 요즘 나 너무 외로워 좀 이상해진 것 같아 너를 보면서 심장이 뛴 건 back it up pack it up 비켜 서 있어 두근거렸던 게 문제야 아냐 그게 대체 왜 죄야 선을 넘은 거야 fz 레이더 오르락내리락 여긴 friend zone 무인도에 어느 날 떨어진 거야 둘만 남게 됐다면 넌 어떨 것 같아 생각만 해도 무섭다 얼굴을 찌푸렸지만 너에겐 얘기 못 해 절대로 살짝 설렜어 난 oh nanananana 살짝 설렜어 난 oh nanananana 그럴 일 없지만 살짝 설렜어 난 I have to go to the bed by night 졸음이 오는 걸까 time 필요하지 않지 아마 머릿속은 이미 지름길이잖아 네가 원한다면 내가 뒤로 두 칸 Did you wanna twin spot nop 한 칸 유감인 척 하지 마 설레는 거 맞잖아 꽤나 혼란스러워 이러는 나도 누구보다 더 이럴 땐 너를 찾아갔지만 이 고민만큼은 네게 말할 수 없어 언제부턴가 널 보면 살짝 설렜어 난 살짝 설렜어 난 oh nanananana 살짝 설렜어 난 oh nanananana 그럴 일 없지만 살짝 설렜어 난 nonstop nonstop nonstop nonstop nonstop 그럴 일 없지만 살짝 설렜어 난 nonstop nonstop nonstop nonstop nonstop 넌 알 리 없지만 살짝 설렜어 난,2020,4,202004
오늘도 빛나는 너에게 (To You My Light) (Feat.이라온),마크툽 (MAKTUB),R&BSoul 인디음악,2019.06.09,별빛이 내린 밤 그 풍경 속 너와 나 날 새롭게 하는 따뜻하게 만드는 니 눈빛 니 미소 영원히 담아둘게 너로 가득한 맘 널 닮아가는 나 날 위한 선물 꿈보다 더 아름다운 서로의 품에서 끝 없는 밤을 걷자 나의 모든 날들을 다 주고싶어 내 이 맘을 모두 전하고 싶어 잠들지 못한 푸른 바람들 이렇게 밝게 이 밤을 비춰 너와 작은 일상을 함께 하는게 내 가장 큰 기쁨인걸 넌 알까 내 세상 속에 넌 빛이 되어 지금 모습 그대로 내 곁에만 행복이 짙은 날 어둠이 없는 밤 같은 맘 속에 같은 꿈이 피어난 건 우리의 정해진 운명이 맞닿은거야 나의 모든 날들을 다 주고싶어 내 이 맘을 모두 전하고 싶어 잠들지 못한 푸른 바람들 이렇게 밝게 이 밤을 비춰 너와 작은 일상을 함께 하는게 내 가장 큰 기쁨인걸 넌 알까 내 세상 속에 넌 빛이 되어 지금 모습 그대로 내 곁에만 내게 온 너란 빛이 눈 부셔도 네 앞에서 한 순간도 눈 감지 않아 다가올 시간도 계절의 바람도 널 데려가지 못하게 내가 더 좋은 사람이 되고 싶어 더 아름답게 널 안을 수 있게 잠들지 못한 잠들 수 없는 바람들이 널 부르고 있어 언제까지나 너와 함께 할거야 내 마지막 숨결도 너일거야 내 세상 속에 넌 빛이 되어 지금 모습 그대로 내 곁에만 이렇게 밝게 이 밤을 비춰,2019,6,201906
체념,MSG워너비(정상동기),발라드,2021.05.22,행복했어 너와의 시간들 아마도 너는 힘들었겠지 너의 마음을 몰랐던 건 아니야 나도 느꼈었지만 널 보내는 게 널 떠나보내는 게 아직은 익숙하지가 않아 그렇게 밖에 할 수 없던 네가 원망스러워 왜 말 안했니 아님 못 한거니 조금도 날 생각하지 않았니 좋아한다며 사랑한다며 이렇게 끝낼 거면서 왜 그런 말을 했니 널 미워해야만 하는 거니 아니면 내 탓을 해야만 하는 거니 시간을 돌릴 수만 있다면 다시 예전으로 돌아가고 싶은 마음뿐이야  왜 말 안했니 아님 못 한거니 조금도 날 생각하지 않았니 좋아한다며 사랑한다며 이렇게 끝낼 거면서 왜 그런 말을 했니 널 미워해야만 하는 거니 아니면 내 탓을 해야만 하는 거니 시간을 돌릴 수만 있다면 다시 예전으로 돌아가고 싶은 마음뿐이야  그래 더 이상 묻지 않을게 내 곁을 떠나고 싶다면 돌아보지 말고 떠나가 눈물은 흘리지 않을게 괜히 마음만 약해지니까 내게서 멀어진 네 모습이 흐릿하게 보여 눈물이 나나 봐 널 많이 그리워할 것 같아 참아야만 하겠지 잊혀 질 수 있도록 다신 사랑 같은 거 하지 않을래 내 마지막 사랑은 돌아선 너에게 주고 싶어서 행복하길 바래 나보다 좋은 남자 만나기를 woo~~,2021,5,202105
사실 나는 (Feat.전건호),경서예지,발라드,2020.04.12,그땐 우리 둘 다 철없이 어리기만 했나 봐 태어나 처음 설레는 너를 만나서 세상에 부러울 거 하나 없이 좋았어 매일 너만 기다렸어 행복한 시간뿐이었어 너에게 받은 만큼 잘해주지 못해서 미안해 사실 나는 니가 보고 싶어 겉으로는 티 안 나게 사람들과 웃곤 해도 정말 많이 그리워 상처 줬던 말과 행동들 전부 미안해 후회돼 아직 니 생각뿐이야 그땐 나도 너무 어려서 사랑을 몰랐나 봐 태어나 처음 설레는 너를 만나서 세상에 부러울 거 하나 없이 좋았어 나도 너만 기다렸어 꿈같던 시간뿐이었어 너에게 사랑 주는 게 그렇게 좋았었어 사실 나도 많이 보고 싶어 겉으로는 티 안 나게 사람들과 어울려도 정말 니가 그리워 상처 줬던 말과 행동들 전부 미안해 후회돼 모두 되돌리고 싶어 더 잘해주고 아껴줬다면 내 곁에 있을까 헤어지기 전으로 돌아간다면 좀 더 노력하고 애쓸 텐데 이렇게 아플 걸 알면 절대 놓지 않을 텐데 정말 잘해줄 텐데 혹시 너도 그리웠다면 조금 니 맘도 내 맘과 같은 마음뿐이라면 당장 달려가 널 안고서 말하고 싶어 아직은 널 지우지 못한다고 널 보내기는 싫다고 후회하기는 싫다고 돌아와 줄래 나에겐 너뿐이라고 내겐,2020,4,202004
그냥 안아달란 말야,다비치,발라드,2021.04.12,며칠 밤을 생각해봤어 이대로 진짜 헤어지는 게 맞는지 우리 돌아섰던 날 동안 다 엉망이 됐어 네가 곁에 없어서 힘들었겠지 나도 그런 것 같아 꼭 그렇다고 다들 이렇게 서로 놓진 않으니까 그냥 안아달란 말야 달라진 일상과 너마저 없는 하루가 상상이 안 돼 한순간에 처음으로 돌아갈 수는 없겠지만 너만 거기 있다면 함께 한다면 다 상관없어 안아달란 말야 이기적이라는 거 알아 나를 더 이해해주기를 바랬어 못난 자존심을 앞세워 너의 한숨들을 모른 척 지나갔어 이제 와서야 내 맘도 알 것 같다는 너 힘들었겠다는 그 말에 불쑥 눈물이 나와서 그냥 안아달란 말야 달라진 일상과 너마저 없는 하루가 상상이 안 돼 한순간에 처음으로 돌아갈 수는 없겠지만 너만 거기 있다면 함께 한다면 다 상관없어 안아달란 말야 잡으려 할수록 더 멀리 가 버릴까 봐 가려다 멈췄다 돌아서서 흐르는 시간만 아까워서 안타까워 그냥 안아달란 말야 그냥 꽉 안고서 다른 상황이 우릴 다시 갈라놓아도 수많았던 걱정과 불안했던 내 삶에 너는 유일한 이유였다고 전부였다고 다 말하잖아 알아달란 말야,2021,4,202104
늦은 밤 너의 집 앞 골목길에서,노을,발라드,2019.11.07,오래되었어 그때 너의 웃음 너의 목소리 잊혀진거 같아 시간의 위로 그 말의 의미를 이젠 알아 아픈 니 얘기도 적당히 할 수 있어 그런데 이게 뭐랄까 난 난 술 한잔하면서 괜찮은 듯 얘기하며 널 털어냈는데 집으로 돌아오면서 한 번 더 떠오른 기억에 걸음을 멈춰 서서 이렇게 울고 있어 자연스럽게 발걸음을 돌려 나 바래다주던 익숙한 길을 가 밤이 깊어져서 아무것도 보이지 않아도 손을 흔들면서 인사하던 널 봤어 그런데 이게 뭐랄까 난 난 술 한잔하면서 괜찮은 듯 얘기하며 널 털어냈는데 집으로 돌아오면서 한 번 더 떠오른 기억에 걸음을 멈춰 서서 이렇게 울고 있어 아무도 없어서 참 다행이야 나 이렇게 편안히 너를 부를 수 있는 걸 외로운 위로겠지만 그래서 이젠 뭘 할까 난 난 널 생각했어도 괜찮은 듯 얘기하며 다 지워냈는데 집으로 돌아오면서 한 번 더 떠오른 추억에 걸음을 멈춰 서서 또다시 울고 있어,2019,11,201911
추적이는 여름 비가 되어,장범준,발라드,2021.06.11,안녕이라 그 말은 하지 마세요 우리는 다시 만날 테니 그냥 웃으며 걸어가요 그만하자 그 말도 하지 말구요 언젠간 다시 만날 텐데 그냥 웃으며 걸어봐요 넌 어떤 맘으로 또 생각에 잠겨 이 길을 걷나요 니가 원한다면 흐린 날엔 비가 될래요 추적이는 여름 비가 되어 당신이 원하면 어떤 계절이라도 추적이는 여름 비가 되어 당신이 좋다면 어떤 모습이라도 안녕이라 그 말은 하지 마세요 우리는 다시 만날 테니 그냥 웃으며 걸어봐요 넌 어떤 맘으로 또 생각에 잠겨 이 길을 걷나요 니가 원한다면 흐린 날엔 비가 될래요 추적이는 여름 비가 되어 당신이 원하면 어떤 계절이라도 추적이는 여름 비가 되어 당신이 좋다면 어떤 모습이라도 워워워 흐린 마음이 거리를 지나 세어갈 때 그녀 말했어 너무나 짧았던 너와 나는 이 길이 끝날 때 주루루루 여름 비가 되어 당신이 원하면 어떤 계절이라도 추적이는 여름 비가 되어 당신이 좋다면 항상 당신이 바랬던 환상 니가 내게 줬던 그 어떤 맘이라도 니가 내게 줬던 그 어떤 맘이라도 주루루루 여름 비가 되어 당신이 좋다면 어떤 모습이라도,2021,6,202106
이 밤을 빌려 말해요 (바른연애 길잡이 X 10CM),10CM,발라드,2021.01.24,나의 두 눈에 제일 먼저 그대를 담고 가장 예쁜 말들로 그댈 미소 짓게 하고 바람이 차가운 오늘 밤 집에 돌아가는 길 또 그대 생각이 나요 늦은 이 밤 그대 괜찮다면 잠시 나와줄래요 이 밤을 보내기엔 아쉽잖아요 잠시라도 그댈 보고 싶은 내 맘을 이 밤을 빌려 말해요 유난히도 오늘 그대가 더 예뻐 보이고 웃음 짓던 그대 표정 자꾸 아른거려서 바람이 차가운 오늘 밤 집에 돌아가는 길 또 그대 생각이 나요 늦은 이 밤 그대 괜찮다면 잠시 나와줄래요 이 밤을 보내기엔 아쉽잖아요 잠시라도 그댈 보고 싶은 내 맘을 이 밤을 빌려 말해요 별거 아닌 말들이라도 그대와 함께라면 더 바랄 게 없어요 늦은 이 밤 그대 괜찮다면 잠시 나와줄래요 이 밤을 보내기엔 아쉽잖아요 잠시라도 그댈 보고 싶은 내 맘을 이 밤을 빌려 말해요,2021,1,202101
How You Like That,BLACKPINK,댄스,2020.06.26,보란 듯이 무너졌어 바닥을 뚫고 저 지하까지 옷 끝자락 잡겠다고 저 높이 두 손을 뻗어봐도  다시 캄캄한 이곳에 light up the sky 네 두 눈을 보며 I’ll kiss you goodbye 실컷 비웃어라 꼴좋으니까 이제 너희 하나 둘 셋  Ha how you like that? You gon’ like that that that that that How you like that? How you like that that that that that  Now look at you now look at me Look at you now look at me Look at you now look at me  How you like that  Now look at you now look at me Look at you now look at me Look at you now look at me  How you like that  Your girl need it all and that’s a hundred 백 개 중에 백 내 몫을 원해 Karma come and get some 딱하지만 어쩔 수 없잖아 What’s up I’m right back 방아쇠를 cock back Plain Jane get hijacked Don’t like me? Then tell me how you like that  더 캄캄한 이곳에 shine like the stars 그 미소를 띠며 I’ll kiss you goodbye  실컷 비웃어라 꼴좋으니까 이제 너희 하나 둘 셋  Ha how you like that? You gon’ like that that that that that How you like that? How you like that that that that that  Now look at you now look at me Look at you now look at me Look at you now look at me  How you like that  Now look at you now look at me Look at you now look at me Look at you now look at me  How you like that  날개 잃은 채로 추락했던 날 어두운 나날 속에 갇혀 있던 날 그때쯤에 넌 날 끝내야 했어 Look up in the sky it’s a bird it’s a plane  Bring out your boss bish  BLACKPINK!  How you like that You gon’ like that How you like that,2020,6,202006
이제 나만 믿어요,임영웅,성인가요,2020.04.03,무얼 믿은 걸까 부족했던 내게서 나조차 못 믿던 내게 여태 머문 사람 무얼 봤던 걸까 가진 것도 없던 내게 무작정 내 손을 잡아 날 이끈 사람 최고였어 그대 눈 속에 비친 내 모습 이제는 내게서 그댈 비춰줄게 궂은 비가 오면 세상 가장 큰 그대 우산이 될게 그댄 편히 걸어가요 걷다가 지치면 내가 그대를 안고 어디든 갈게 이제 나만 믿어요 나만 두고 가던 나만 스쳐 간 행운이 모여 그대가 되어서 내게 와준 거야 궂은 비가 오면 세상 가장 큰 그대 우산이 될게 그댄 편히 걸어가요 걷다가 지치면 내가 그대를 안고 어디든 갈게 이제 나만 믿어요 나의 마지막 주인공이 되어 다신 누구 앞에서도 그대는 고개 숙이지 마요 내가 보지 못했던 홀로 고단했던 시간 고맙고 미안해요 사랑해요 이 세상은 우리를 두고 오랜 장난을 했고 우린 속지 않은 거야 이제 울지 마요 좋을 땐 밤새도록 맘껏 웃어요 전부 그대 꺼니까 그대는 걱정 말아요 이제 나만 믿어요,2020,4,202004
나는 너 좋아,장범준,록메탈 국내드라마,2021.07.02,아직은 사랑을 몰라 몰라 그래도 우리는 좋아 좋아 알 수 없는 너의 고백이 내 가슴을 뛰게 하지만 그런 말은 너무 어려워 싫어 싫어 남들이 나에게 말하기를 귀여운 웃음이 좋다나요 그러나 이제는 안그래요 나만의 비밀이 생겼어요 하지만 나는 너 좋아 사랑일지도 몰라 하지만 나는 너 좋아 사랑일지도 몰라 그런 말은 이제 싫어 싫어 남들이 나에게 말하기를 귀여운 웃음이 좋다나요 그러나 이제는 안그래요 나만의 비밀이 생겼어요 하지만 나는 너 좋아 사랑일지도 몰라 하지만 나는 너 좋아 사랑일지도 몰라 하지만 나는 너 좋아 사랑일지도 몰라 하지만 나는 너 좋아 사랑일지도 몰라,2021,7,202107
Dance Monkey,Tones And I,POP,2019.08.09,They say Oh my god I see the way you shine Take your hand my dear and place them both in mine You know you stopped me dead when I was passing by And now I beg to see you dance just one more time Ooh I see you see you see you every time And oh my I I I I like your style You you make me make me make me wanna cry And now I beg to see you dance just one more time So they say Dance for me dance for me dance for me oh oh oh I've never seen anybody do the things you do before They say Move for me move for me move for me ay ay ay And when you’re done I'll make you do it all again I said Oh my god I see you walking by Take my hands my dear and look me in my eyes Just like a monkey I've been dancing my whole life And you just beg to see me dance just one more time Ooh I see you see you see you every time And oh my I I I I like your style You you make me make me make me wanna cry And now I beg to see you dance just one more time So they say Dance for me dance for me dance for me oh oh oh I’ve never seen anybody do the things you do before They say Move for me move for me move for me ay ay ay And when you're done I'll make you do it all again They say Dance for me dance for me dance for me oh oh oh oh oh oh oh I've never seen anybody do the things you do before They say Move for me move for me move for me ay ay ay And when you're done I'll make you do it all again Ooh ooh ooh ooh ooh Do it all again do it all again do it all again Do it all again do it all again do it all again Ooh ah ah ah ah They say Dance for me dance for me dance for me oh oh oh I've never seen anybody do the things you do before They say Move for me move for me move for me ay ay ay And when you're done I’ll make you do it all again They say Dance for me dance for me dance for me oh oh oh oh oh oh oh I’ve never seen anybody do the things you do before They say Move for me move for me move for me ay ay ay And when you're done I’ll make you do it all again All again,2019,8,201908
힘든 건 사랑이 아니다,임창정,발라드,2020.10.19,내가 널 떠났어야 했는데 왜 떠나야 하는지도 아는데 어떤 아무 말도 아무것도 줄 게 없는 내 곁에서 늘 조용히 손을 잡아준 그대 제발 나를 떠나 부디 너를 찾아 이젠 놔도 되는 너의 나를 분명 다시 돌아갈 수 있으니 더 늦기 전에 어서 나를 떠나가 왜 일찍 널 보낼 수 없었을까 살면서 너와 내가 죽어도 너와 내가 아닌 것을 누군가 그에겐 소중한 너인데 내 그늘에 가려 사랑받지 못해서 미안해 그만큼 받았으니 된 거야 내 생엔 없을 것 같던 그 사랑 어떤 아무 말도 아무것도 줄 게 없는 나일 텐데 또 그렇게 날 안아주는 그대 제발 나를 떠나 부디 너를 찾아 이젠 놔도 되는 너의 나를 분명 다시 돌이킬 수 있으니 더 늦기 전에 어서 나를 떠나가 더 일찍 널 보낼 수 없었을까 혹시나 너와 내가 영원한 너와 내가 맞을까 봐 누군가 그에겐 소중한 너인데 내가 되고 싶어 염치없이 지금까지 널 잡은 거야 떠나고 나면 우린 다 잃는 걸까 아냐 그저 제자리인 거야 우리 헤어지면 잠시 아파 정말 잠시일 거야 세상도 잘했다고 말할 거야 왜 일찍 널 보낼 수 없었을까 살면서 너와 내가 죽어도 너와 내가 아닌 것을 누군가 그에겐 소중한 너인데 내 그늘에 가려 사랑받지 못해서 미안해,2020,10,202010
이렇게 좋아해 본 적이 없어요,CHEEZE (치즈),발라드 인디음악,2021.03.14,따스한 바람이 불어오는 날엔 포근한 미소로 나를 또 반겨주던 그대란 사람 설레는 이 맘 이렇게 난 너에게 빠졌나 봐 무심한 듯 곁을 지켜주던 그대 느껴본 적 없는 이런 설렘이 누군가를 짝사랑하는 마음인가 봐 그냥 아쉬움만 남는걸 이렇게 좋아해 본 적이 없어요 눈만 뜨면 그대가 참 보고 싶어요 오늘은 그대 내 곁에서 그저 머물러줘요 그리고 내 손잡아 주세요 꼭 안아 주세요 나를 데려다주던 그날 밤 문득 내게 건넨 그 한마디에 괜스레 얼굴이 붉어지고 조심스럽게 oh oh oh 그대에게 oh oh oh 사랑스러운 그대 귓가에 속삭여줄게요 사실 그대와 있던 모든 순간은 내게는 소중하고 너무나 고마워서 정말 아름다워요 조심스럽게 oh oh oh 그대에게 oh oh oh 사랑스러운 그대 귓가에 고백해볼게요 이렇게 좋아해 본 적이 없어요 눈만 뜨면 그대가 참 보고 싶어요 오늘은 그대 내 곁에서 그저 머물러줘요 그리고 내 손잡아 주세요 꼭 안아 주세요 부담스럽지 않게 다가가 볼게요 부디 날 미워하지 말아요 그저 매일 이렇게 날 보며 웃어줘요 더는 바랄 게 하나 없죠 이렇게 좋아해 본 적이 없어요 눈만 뜨면 그대가 참 보고 싶어요 오늘은 그대 내 곁에서 그저 머물러줘요 그리고 내 손잡아 주세요 꼭 안아 주세요,2021,3,202103
너의 발걸음에 빛을 비춰줄게 (Prod. 조영수),케이시 (Kassy),발라드,2021.04.27,언제나 너의 곁에 있어 줄게 눈부시게 빛나 모든 날들이 세상 모두가 변한다 해도 변함없이 너를 사랑해 어떤 날은 좋고 어떤 날은 또 그저 그래 변덕이 심한 나에게 모든 걸 맞춰준 너 um 있는 그대로의 나를 좋아해줘서 그래서 나도 아낌없이 너를 사랑하나 봐 언제나 너의 곁에 있어 줄게 눈부시게 빛나 모든 날들이 세상 모두가 변한다 해도 변함없이 너를 사랑해 너무 행복해서 가끔은 불안하기도 해 다 사라질까 겁이 나 다시 혼자될까 봐 um 그럴 때마다 꼭 안아주던 너 눈물이 났어 네가 주는 마음이 고마워서 언제나 너의 곁에 있어 줄게 눈부시게 빛나 모든 날들이 세상 모두가 변한다 해도 변함없이 너를 사랑해 너의 발걸음에 빛을 비춰줄게 작은 어둠도 오지 못하게 내가 함께 해줄게 지금처럼 my love 영원히 너의 편이 되어줄게 내가 지켜줄 단 한 사람 소중한 내 사람,2021,4,202104
난 너를 사랑해,MSG워너비,발라드,2021.07.10,문득 떠오른 기억에 잠 못 드는 나의 마음을 넌 모르니 지나버린 그 추억은 왜 그런지 가슴에 여전히 사나봐 살다가 내 생각이 날 때면 그땐 언제든 찾아와줘 내 사랑 너이니까 난 여기에 서 있을게 난 너를 사랑해 내린 빗방울 수보다 사랑해 계절이 몇 번을 변한대도 난 항상 이 자리에 서 있을게 난 네가 필요해 내가 숨 쉴 수 있는 유일한 사람 내가 사랑할 사람은 너 뿐이야 아직 못 다한 말들이 있다는 걸 너는 혹시 느낄 수 있니 두 눈 가득 고인 눈물이 흘러도 한 번쯤 모른 척 해 줄래 가슴에 좋았던 추억들이 나를 살아가게 하나봐 눈감아 그려보면 네가 올 것만 같은데 난 너를 사랑해 내린 빗방울 수보다 사랑해 계절이 몇 번을 변한대도 난 항상 이 자리에 서 있을게 난 네가 필요해 내가 숨 쉴 수 있는 유일한 사람 내가 사랑할 사람은 너 뿐이야 두 눈이 참 예뻤던 널 날 보면 늘 안아주던 널 세상 어디라 해도 찾아갈게 조금만 기다려줘 난 너를 사랑해 난 너를 사랑해 내린 빗방울 수보다 사랑해 My everything 계절이 몇 번을 변한대도 난 항상 이 자리에 서 있을게 하루 또 하루가 내게는 영원이란 시간인가 봐 그래도 난 너를 기다려 사랑해 가슴 깊이 네게 하는 말 사랑해,2021,7,202107
다시 사랑할 수 있을까,백지영 이홍기 (FT아일랜드),발라드,2021.07.07,사랑하지 않는데 사랑인 줄 알았대 사랑한다 말할 때 그런 줄 알았대 사랑을 몰랐대 보내줘야 하는데 웃어줘야 하는데 눈물이 왜 나는데 사랑이 아닌데 왜 눈물 나는데 잡고 싶은데 입이 떨어지질 않네요 잘 가란 말이라도 해야죠 우린 여기까지죠 사랑이 깊어서 이별이 된 거죠 조금만 사랑했더라면 떠나지 않았을 텐데 생각이 너무 많아서 혼자서 이별을 만든 거죠 헤어진 다음날에야 알았죠 다시 사랑할 수 있을까 혼자 두면 어떻게 해 변해버린 하루에 익숙하지 않은데 조급한 마음에 원망만 하는데 후회하지만 다시 돌아갈 순 없겠죠 내 마음은 그런 게 아닌데 그땐 왜 보냈는데 사랑이 깊어서 이별이 된 거죠 조금만 사랑했더라면 떠나지 않았을 텐데 생각이 너무 많아서 혼자서 이별을 만든 거죠 헤어진 다음날에야 알았죠 끝난 건가요 끝난 건가요 정말 끝난 건가요 끝난 건가요 말이 없네요 언제나 그랬죠 언제나 말없이 내게 기댔었죠 그대는 내게 언제나 그랬었죠 마음 둘 곳이 없네요 끝난 거죠 사랑이 깊어서 이별이 된 거죠 조금만 사랑했더라면 떠나지 않았을 텐데 생각이 너무 많아서 혼자서 이별을 만든 거죠 어쩌다 우리가 이렇게 됐나요 기약도 없나요 여느 날처럼 내 전화를 기다리지는 않나요 자존심 때문인가요 한번만 져줄 수는 없나요 아직도 그대는 사랑을 모르죠 다시 사랑할 수 있을까 그런 날이 올 수 있을까 다시 사랑할 수 있을까,2021,7,202107
마음을 드려요,아이유,발라드 국내드라마,2020.02.15,당신에게 드릴 게 없어서 나의 마음을 드려요 그대에게 받은 게 많아서 표현을 다 할 수가 없어요  나지막한 인사에 수많은 내 마음 고이 담아 그대에게로 건네면 내 마음 조금 알까요  어떤 이유로 만나 나와 사랑을 하고 어떤 이유로 내게 와 함께 있어준 당신  부디 행복한 날도 살다 지치는 날도 모두 그대의 곁에 내가 있어줄 수 있길  어떤 소식 보다 더 애타게 기다려지는 그대 엇갈리지 않게 여기 기다릴게요  눌러 적은 편지에 수많은 그리움 고이 담아 그대 내게로 올 때면 그 손에 쥐어줄게요  어떤 이유로 만나 나와 사랑을 하고 어떤 이유로 내게 와 함께 있어준 당신  부디 행복한 날도 살다 지치는 날도 모두 그대의 곁에 내가 있어줄 수 있길  네 번의 모든 계절들과 열두 달의 시간을 너와 숨이 차게 매일 사랑하며 함께 할게  어떤 이유로 만나 우리 사랑을 했던 지금 이 순간처럼 매일 바라보며 애써주기를  부디 행복한 날도 살다 지치는 날도 모두 그대의 곁에 내가 있어줄 수 있길  부디 추억만 남지 않길 너완,2020,2,202002
Paris In The Rain,Lauv,POP,2018.10.08,All I know is ooh-ooh-ooh We could go anywhere we could do Anything girl whatever the mood we're in All I know is ooh-ooh-ooh Getting lost late at night under stars Finding love standing right where we are your lips They pull me in the moment you and I alone and People may be watching I don't mind 'Cause Anywhere with you feels right Anywhere with you feels like Paris in the rain Paris in the rain We don't need a fancy town Or bottles that we can't pronounce 'Cause anywhere babe Is like Paris in the rain When I'm with you When I'm with you Paris in the rain Paris in the rain I look at you now and I want this forever I might not deserve it but there's nothing better Don't know how I ever did it all without you My heart is about to about to jump out of my chest Feelings they come and they go that they do Feelings they come and they go not with you The late nights and the street lights and the people Look at me girl and the whole world could stop Anywhere with you feels right Anywhere with you feels like Paris in the rain Paris in the rain We don't need a fancy town Or bottles that we can't pronounce 'Cause anywhere babe Is like Paris in the rain When I'm with you When I'm with you Paris in the rain Paris in the rain oh Girl when I'm not with you All I do is miss you So come and set the mood right Underneath the moonlight Days in Paris nights in Paris Paint you with my eyes closed Wonder where the time goes Yeah isn't it obvious isn't it obvious Come and set the mood right Underneath the moonlight 'Cause anywhere with you feel right Anywhere with you feels like Paris in the rain Paris in the rain Walking down an empty street Puddles underneath our feet,2018,10,201810
Bad Habits,Ed Sheeran,POP,2021.06.25,Every time you come around you know I can’t say no Every time the sun goes down I let you take control I can feel the paradise before my world implodes and tonight had something wonderful My bad habits lead to late nights ending alone Conversations with a stranger I barely know Swearing this will be the last but it probably won’t I’ve got nothing left to lose or use or do My bad habits to lead to wide eyes stare into space And I know I lose control of the things that I say I was looking for a way out now I can’t escape Nothing happens after two It’s true it’s true My bad habits lead to you My bad habits lead to you Every pure intention ends when the good times start Falling over everything to reach the first times spark Started under neon lights then it all got dark I only know how to go too far My bad habits lead to late nights ending alone Conversations with a stranger I barely know Swearing this will be the last but it probably won’t I’ve got nothing left to lose or use or do My bad habits to lead to wide eyes stare into space And I know I lose control of the things that I say I was looking for a way out now I can’t escape Nothing happens after two It’s true it’s true My bad habits lead to you My bad habits lead to you We took the long way round And burned til the fun ran out now My bad habits lead to late nights ending alone Conversations with a stranger I barely know Swearing this will be the last but it probably won’t I’ve got nothing left to lose or use or do My bad habits to lead to wide eyes stare into space And I know I lose control of the things that I say I was looking for a way out now I can’t escape Nothing happens after two It’s true it’s true My bad habits lead to you My bad habits lead to you My bad habits lead to you,2021,6,202106
살다가,SG 워너비,발라드,2005.03.23,살아도 사는 게 아니래 너 없는 하늘에 창 없는 감옥 같아서 웃어도 웃는 게 아니래 초라해 보이고 우는 것 같아 보인대 사랑해도 말 못 했던 나 내색조차 할 수 없던 나 나 잠이 드는 순간조차 그리웠었지 살다가 살다가 살다가 너 힘들 때 나로 인한 슬픔으로 후련할 때까지 울다가 울다가 울다가 너 지칠 때 정 힘들면 단 한 번만 기억하겠니 살다가 웃어도 웃는 게 아니래 초라해 보이고 우는 것 같아 보인대 사랑해도 말 못 했던 나 내색조차 할 수 없던 나 나 잠이 드는 순간조차 그리웠었지 살다가 살다가 살다가 너 힘들 때 나로 인한 슬픔으로 후련할 때까지 울다가 울다가 울다가 너 지칠 때 정 힘들면 단 한 번만 기억하겠니 우린 마지못해 웃는 거겠지 우린 마지못해 살아가겠지 내 곁에 있어도 내 곁에 있어도 눈물나니까 살다가 살다가 살다가 너 힘들 때 나로 인한 슬픔으로 후련할 때까지 태워도 태워도 태워도 남았다면 남김없이 태워도 돼 후련할 때까지 나 살다가 나 살다가,2005,3,200503
Way Back Home (2021),런치,일렉트로니카,2021.07.04,멈춘 시간 속 잠든 너를 찾아가 아무리 막아도 결국 너의 곁인 걸 길고 긴 여행을 끝내 이젠 돌아가 너라는 집으로 지금 다시 Way back home 아무리 힘껏 닫아도 다시 열린 서랍 같아 하늘로 높이 날린 넌 자꾸 내게 되돌아와 힘들게 삼킨 이별도 다 그대로인 걸 Oh oh oh 수없이 떠난 길 위에서 난 너를 발견하고 비우려 했던 맘은 또 이렇게 너로 차올라 발걸음의 끝에 늘 니가 부딪혀 그만 그만 멈춘 시간 속 잠든 너를 찾아가 아무리 막아도 결국 너의 곁인 걸 길고 긴 여행을 끝내 이젠 돌아가 너라는 집으로 지금 다시 Way back home 조용히 잠든 방을 열어 기억을 꺼내 들어 부서진 시간 위에서 선명히 너는 떠올라 길 잃은 맘 속에 널 가둔 채 살아 그만 그만 멈춘 시간 속 잠든 너를 찾아가 아무리 막아도 결국 너의 곁인 걸 길고 긴 여행을 끝내 이젠 돌아가 너라는 집으로 지금 다시 Way back home 세상을 뒤집어 찾으려 해 오직 너로 완결된 이야기를 모든 걸 잃어도 난 너 하나면 돼 빛이 다 꺼진 여기 나를 안아줘 눈을 감으면 소리 없이 밀려와 이 마음 그 위로 넌 또 한 겹 쌓여가 내겐 그 누구도 아닌 니가 필요해 돌아와 내 곁에 그날까지 I'm not done,2021,7,202107
오늘따라 더 미운 그대가,전상근,발라드,2021.06.13,조금은 괜찮다 생각했는데 이제는 잊혀질 때도 됐는데 아무렇지 않다가도 그대가 없단 게 아직 나에겐 어색한 걸까 벅차도록 행복했던 그때가 그리워서 추억이 녹아든 거릴 혼자 걸을 때면 자꾸만 눈앞에 그대가 선명히 보이네요 그댄 아직도 왜 내 맘속에 살고 있나요 지금 그대는 나 없이도 행복하나요 조금은 그대도 나처럼 아프긴 하나요 아직 난 이별이 서투네요 하나도 괜찮지가 않네요 오늘따라 더 미운 그대가 너무 보고 싶죠 지워보려 애를 쓰고 아무리 외면해도 추억은 더욱 아름답게 짙어져 가네요 견뎌온 시간만큼 더욱더 아픔이 커지네요 그댄 아직도 왜 내 맘속에 살고 있나요 지금 그대는 나 없이도 행복하나요 조금은 그대도 나처럼 아프긴 하나요 아직 난 이별이 서투네요 하나도 괜찮지가 않네요 오늘따라 더 미운 그대가 너무 보고 싶죠 달랠 길 없는 이 마음을 어떡하나요 난 아직도 그댈 사랑하는데 지금 그대는 이런 나를 알고 있나요 하루하루를 추억 속에 살고 있네요 아직 난 모든 게 서투네요 괜찮지가 않아요 오늘따라 더 미운 그대가 너무 보고 싶죠 오늘따라 행복할 그대가 너무 미워요,2021,6,202106
너를 만나,폴킴,발라드,2018.10.29,너를 만난 그 이후로 사소한 변화들에 행복해져 눈이 부시게 빛 나는 아침 너를 떠올리며 눈 뜨는 하루 식탁 위에 마주 앉아 너의 하루는 어땠는지 묻거나 나의 하루도 썩 괜찮았어 웃으며 대답해 주고 싶어 별것 아닌 일에 맘이 통할 때면 익숙해진 서로가 놀라웠어 널 사랑해 평온한 지금처럼만 영원하고 싶다고 너를 바라보다 생각했어 너를 만나 참 행복했어 나 이토록 사랑할 수 있었던 건 아직 어리고 모자란 내 맘 따뜻한 이해로 다 안아줘서 무심한 말투에 서로 아플 때면 차가워진 사이가 견딜 수 없어 미안해 불안한 지금이라도 영원하고 싶다고 너를 바라보다 생각했어 너를 만나 참 행복했어 나 이토록 사랑할 수 있었던 건 아직 어리고 모자란 내 맘 따뜻한 이해로 다 안아줘서 뜨거웠던 여름 지나 그리워질 빗소리에 하나 둘 수줍어 또 얼굴 붉히면 생각이 많아진 너의 눈에 입 맞출 테니 우리 함께 걸어가기로 해 나를 만나 너도 행복하니 못 해준 게 더 많아서 미안해 이기적이고 불안한 내가 너에게만은 잘하고 싶었어 오랫동안 나 기다려온 완벽한 사랑을 찾은 것 같아 날 잡아줘서 힘이 돼줘서 소중한 배려로 날 안아줘서 너를 만나,2018,10,201810
Love poem,아이유,록메탈,2019.11.01,누구를 위해 누군가 기도하고 있나 봐  숨죽여 쓴 사랑시가 낮게 들리는 듯해  너에게로 선명히 날아가 늦지 않게 자리에 닿기를  I’ll be there 홀로 걷는 너의 뒤에 Singing till the end 그치지 않을 이 노래 아주 잠시만 귀 기울여 봐 유난히 긴 밤을 걷는 널 위해 부를게  또 한 번 너의 세상에 별이 지고 있나 봐  숨죽여 삼킨 눈물이 여기 흐르는 듯해  할 말을 잃어 고요한 마음에 기억처럼 들려오는 목소리  I’ll be there 홀로 걷는 너의 뒤에 Singing till the end 그치지 않을 이 노래 아주 커다란 숨을 쉬어 봐 소리 내 우는 법을 잊은 널 위해 부를게  (다시 걸어갈 수 있도록) 부를게 (다시 사랑할 수 있도록)  Here i am 지켜봐 나를 난 절대 Singing till the end 멈추지 않아 이 노래 너의 긴 밤이 끝나는 그날 고개를 들어 바라본 그곳에 있을게,2019,11,201911
Don't Start Now,Dua Lipa,POP,2019.11.01,If you don’t wanna see me Did a full 180 crazy Thinking 'bout the way I was Did the heartbreak change me Maybe But look at where I ended up I’m all good already So moved on it’s scary I'm not where you left me at all so If you don't wanna see me dancing with somebody If you wanna believe that anything could stop me Don’t show up Don’t come out Don’t start caring About me now Walk away You know how Don’t start caring About me now Aren’t you the guy who tried to Hurt me with the word goodbye Though it took some time to survive you I’m better on the other side I’m all good already So moved on it’s scary I'm not where you left me at all so If you don't wanna see me dancing with somebody If you wanna believe that anything could stop me Don't don't don't Don’t show up don't come out Don’t start caring About me now Walk away You know how Don’t start caring About me now 'Bout me now 'bout me Up up Don't come out out out Don't show up up up Don't start now Oh Up up Don't come out out out I’m not where you left me at all so If you don’t wanna see me dancing with somebody If you wanna believe that anything could stop me Don’t show up Don’t show up don't come out Don't come out Don’t start caring About me now 'Bout me now Walk away Walk away You know how You know how Don’t start caring About me now So Up up Don't come out out out Don't show up up up Walk away walk away So Up up Don't come out out out Don't show up up up Walk away walk away oh,2019,11,201911
한여름밤의 꿀 : 다시 여름,San E 레이나 (Raina),랩힙합,2021.07.05,무더운 밤 잠은 오지 않고 이런저런 생각에 불러본 너 나올 줄 몰랐어 간지러운 바람 웃고 있는 우리 밤하늘에 별 취한듯한 너 시원한 beer cheers 바랄 게 뭐 더 있어 한여름밤의 꿀 한여름밤의 꿀 So sweet so sweet yum 정말 오랜만이야 어떻게 지냈어 나 똑같지 뭐 그냥 열심히 일했어 사람들 말처럼 time flies 넌 별일 없었고 어떻게 하나 변한 게 없는지 난 어때 나도 똑같애 장난치는 우리 둘 함께 있는 지금 이 순간 나도 예전에 나와 그대론 듯 무슨 생각 해 Nothing 아무렇지 않은 듯 술 때문인 건지 아니면 부끄러운 건지 오늘따라 유독 많이 보고 싶었어 올라오는 속마음 몇 번을 삼켜 내렸는지 너 취했어 소리 듣기 싫어 아무 말 안 했어 그냥 어쨌든 오랜만야 이렇게 즐거운 나 즐거워하는 너 꼭 다시 돌아간 것 같아 무더운 밤 잠은 오지 않고 이런저런 생각에 불러본 너 나올 줄 몰랐어 간지러운 바람 웃고 있는 우리 밤하늘에 별 취한듯한 너 시원한 beer cheers 바랄 게 뭐 더 있어 한여름밤의 꿀 이건 마치 한여름밤의 꿀 우린 마치 So sweet so sweet yum Hold up 지금 나오는 노래 뭐지 잠깐 Hold up 알 듯한데 제목 기억 안 나는 옛 노래 흥얼거려 멜로디 hmm hmm 시원한 밤공기 Late night summer 밤새우며 그동안 있던 일들 참 많아 할 얘기가 부쩍 가까워진 우리 왜 연락 안 했지 Cuz I really miss you so much 예전처럼 하나 이 순간 둘 행복해 셋 어느새 쥐고 있는 손가락 넷 이제 정말 여름이구나 너와 나의 여름이 또 찾아와 꿈같은 무더운 밤 잠은 오지 않고 이런저런 생각에 불러본 너 나올 줄 몰랐어 간지러운 바람 웃고 있는 우리 밤하늘에 별 취한듯한 너 시원한 beer cheers 바랄 게 뭐 더 있어 한여름밤의 꿀 이건 마치 한여름밤의 꿀 우린 마치 So sweet so sweet yum 오늘 너무 즐거웠어 너무 즐거웠어 너무 반가웠어 나도 반가웠어 잘 자 굿나잇 you have a sweet dream 이런 널 보고 있자니 바랄 게 없어서 행복했어 so happy 너무 행복했어 me too 잘 자 굿나잇 you have a sweet dream 이런 널 안고 있자니 바랄 게 뭐 더 있어 한여름밤의 꿀 한여름밤의 꿀 So sweet so sweet yum 한여름밤의 꿀 이건 마치 한여름밤의 꿀 우린 마치 So sweet so sweet yum,2021,7,202107
해야 해,2PM,댄스,2021.06.28,난 이상형이 없는데 이상해 그냥 스쳐 지나갔을 뿐인데 왜 이래 향수 때문일까 코끝이 반응 옷이 예뻤나 손끝이 그댈 저기요 잠깐만 봐줘요 나도 모르게 봐버렸네요 눈이 자꾸만 가요 혹시 나 본 적 없나요 사랑이 있다면 이런 게 아닐까 생각해 시간이 된다면 오늘 밤 어떨까 난 지금 해야 해야 해야만 해 아무 말이나 어떤 이유가 돼야 돼야 되어야만 해 너를 잠깐 더 볼 수 있게 너를 조금 더 알 수 있게 부디 우리가 될 수 있게 꼭 해야 해야 해야만 돼 네 눈앞에선 나 몸 둘 바를 정신 못 차려 널 본 내 맘은 Coffee Shopping Driving LP Cooking Wine 괜찮아 향수 때문일까 코끝이 반응 옷이 예뻤나 손끝이 그댈 저기요 잠깐 시간 돼요 내게 1분만 빌려줄래요 맘이 자꾸만 가요 이제 나 어떡하나요 사랑이 있다면 이런 게 아닐까 생각해 시간이 된다면 오늘 밤 어떨까 난 지금 해야 해야 해야만 해 아무 말이나 어떤 이유가 돼야 돼야 되어야만 해 어떻게 이 기분을 하면 돼 내가 느끼는 걸 그녀도 한 번쯤 느껴봤으면 해 그냥 걷는데 빛이 나는 널 모른 척 비켜 가면 안될 것만 같아서 난 지금 해야 해야 해야만 해 돼야 돼야 되어야만 해 그랬음 해 난 지금 해야 해야 해야만 해 Gotta make it We gotta make it 아무 말이나 어떤 이유가 돼야 돼야 되어야만 해 Gotta make it We gotta make it 되어야만 해 너를 잠깐 더 볼 수 있게 너를 조금 더 알 수 있게 부디 우리가 될 수 있게 꼭 해야 해야 해야만 돼,2021,6,202106
내 마음이 움찔했던 순간 (취향저격 그녀 X 규현),규현 (KYUHYUN),발라드,2020.08.23,어떤 말로 표현해야 그대 알 수 있을까요 어떤 맘을 담아내야만 그대에게 전해질까 하루 종일 눈에 아른거려서 똑같은 매일을 보내고 있다고 나의 맘이 부담이 돼 그대가 달아날까 봐 함께 있는 지금만으로도 충분하다 생각했지만 점점 커지는 그댈 향한 마음에 이젠 말을 하고 싶죠 그댈 사랑하고 있어요 꽤 오래전부터 그대를 처음 본 후 지금까지 내 마음이 한순간 네게 움찔했죠 그때부터 나의 세상은 달라졌죠 그댄 아마 모르겠죠 나의 이런 마음들을 요동치는 소리까지도 꼭 숨겼으니까 난 아직도 많이 겁이 나지만 이제는 용기 내볼게요 그댈 사랑하고 있어요 꽤 오래전부터 그대를 처음 본 후 지금까지 내 마음이 한순간 네게 움찔했죠 그때부터 나의 세상은 달라졌죠 곁에 있는 지금도 행복해 여태껏 아껴뒀던 말 그댈 사랑하고 있어요 꽤 오래전부터 혹시 그대도 나와 같길 기도하며 내 마음이 한순간 네게 움찔했죠 그때부터 나의 세상은 달라졌죠,2020,8,202008
Hello Future,NCT DREAM,랩힙합,2021.06.28,Big dreams and big thrills Flying high 터무니없는 상상해봐 네 눈앞에 달려들고 있는 별 낚아 채 불을 태워 봐  시작이라는 걸 넌 믿을 수 있겠니? 이제야 사랑을 알 것 같아 Ready or not 가는 거야 나를 믿어 Soldiers knocking doors down yelling out  전쟁 전쟁 같던 시간들은 모두 뒤로 보내 가슴이 소리치네 달려가 날아 봐 If you're rocking with me oh oh  Here we go here we go satellite radio 내 미래에 전해 줘 온 세상과 저 광야 위로 후회 없이 사랑했다고 말하게  기다렸어 어서 와 어디든 we’re coming together 아무 걱정 하지 마 잘 될 거야 Hello Future 너를 만나 같이 더 빛나 yeah yeah Ey we’re on the way up we’re on the way up 아름다운 시간만 쌓자 yeah yeah yeah We’re going way up we’re going  On our way up Hello Future On our way up Hello Future  Ey 미래의 너를 조우하게 됐어 경계 위로 손을 맞대면 우린 너무 닮아 있어 뭘 더 찾게 될지 결국 웃게 될지 지금부턴 운명이라고 해  Fire fire 자욱한 연기 속에 살아남은 키 작은 꽃처럼 같은 시간 속에 너를 사랑하고 있어  Here we go here we go 날개를 펼치고 또 꺾이고 다쳐도 누구보다 강한 너잖아 미래의 미래에도 널 사랑할 나란 걸  기다렸어 어서 와 어디든 we’re coming together 아무 걱정 하지 마 잘 될 거야 Hello Future 너를 만나 같이 더 빛나 yeah yeah Ey we’re on the way up we’re on the way up 아름다운 시간만 쌓자 yeah yeah We’re going way up we’re going  Ey I’m tryna’ center me hey where your center be? 흔들리지 않게 걸어 나아갈 수 있을지 Too many cynical 거꾸로 갔던 Entropy 그 어디쯤 너 기다리고 있을지  멀지 않아 눈을 떠 봐 내가 원한 모든 건 너뿐이라고 we’re on our way up  타 버린 채 여린 온기의 남은 잿더미 속에 ready to clap back 그리 멀지 않은 peace 아픈 시간이 다만 짧기를 바라고 또 원했지 Who you gon’ believe?  기다렸어 어서 와 어디든 we’re coming together 아무 걱정 하지 마 잘 될 거야 Hello Future 너를 만나 같이 더 빛나 yeah yeah Ey we’re on the way up we’re on the way up 아름다운 시간만 쌓자 yeah We’re going way up we’re going  We’re going way up 곁에 함께 있어줘 오직 너만이 내 미래라는 걸 Just keep looking to the stars 널 기다렸어 Hello Future,2021,6,202106
넌 좋은 사람,SG 워너비,발라드,2021.07.16,평생 살아가다 수 많은 인연 그 중에 너를 만난 건 어떤 말로도 어떤 표현도 전할 수 없어 난 가만히 널 바라보면서 너의 손을 잡고서 우리가 함께한 시간들로 너를 위한 노래할게 바라만봐도 넌 좋은 사람 행복해서 눈물 나는 사람 너는 나에게 전부가 되고 선물같은 하루를 주고 괜히 울컥해지는 눈물나는 날에는 언제나 내 곁에 기대어 넌 편히 쉬면 돼 때론 아플때마다 날 안아준 너로 인해 버텨냈어 별 볼 일 없던 하루가 왠지 특별해지니까 나의 품에서 오래오래 마음껏 사랑받길 한없이 너에게 주고 싶어 너를 안아주고 싶어 MY LOVE 바라만봐도 넌 좋은 사람 행복해서 눈물 나는 사람 너는 나에게 전부가 되고 선물같은 하루를 주고 괜히 울컥해지는 눈물나는 날에는 언제나 내 곁에 기대어 넌 편히 쉬면 돼 오랜 시간이 지나 내 옆에 미소 띤 한사람 너라면 좋겠어 나에겐 첫 사람 너이니까 약속해 I wanna love with you everyday I`ll be there for you 별처럼 빛나는 그런 사람 나를 빛나게 만드는 사람 사랑 그대로의 사랑으로 너를 영원히 지켜줄게 세상에 소리쳐 너를 사랑한다는 그말 너라서 고마워 나에게 선물 같은 사람 내 곁에서 날 믿어주는 넌 좋은 사람,2021,7,202107
